-- MariaDB dump 10.19  Distrib 10.7.3-MariaDB, for Win64 (AMD64)
--
-- Host: 127.0.0.1    Database: cine
-- ------------------------------------------------------
-- Server version	10.7.3-MariaDB

/*!40101 SET @OLD_CHARACTER_SET_CLIENT=@@CHARACTER_SET_CLIENT */;
/*!40101 SET @OLD_CHARACTER_SET_RESULTS=@@CHARACTER_SET_RESULTS */;
/*!40101 SET @OLD_COLLATION_CONNECTION=@@COLLATION_CONNECTION */;
/*!40101 SET NAMES utf8 */;
/*!40103 SET @OLD_TIME_ZONE=@@TIME_ZONE */;
/*!40103 SET TIME_ZONE='+00:00' */;
/*!40014 SET @OLD_UNIQUE_CHECKS=@@UNIQUE_CHECKS, UNIQUE_CHECKS=0 */;
/*!40014 SET @OLD_FOREIGN_KEY_CHECKS=@@FOREIGN_KEY_CHECKS, FOREIGN_KEY_CHECKS=0 */;
/*!40101 SET @OLD_SQL_MODE=@@SQL_MODE, SQL_MODE='NO_AUTO_VALUE_ON_ZERO' */;
/*!40111 SET @OLD_SQL_NOTES=@@SQL_NOTES, SQL_NOTES=0 */;

--
-- Table structure for table `asiento`
--

DROP TABLE IF EXISTS `asiento`;
/*!40101 SET @saved_cs_client     = @@character_set_client */;
/*!40101 SET character_set_client = utf8 */;
CREATE TABLE `asiento` (
  `idasiento` int(11) NOT NULL AUTO_INCREMENT,
  `posicion` varchar(45) NOT NULL,
  `tipo_asiento` varchar(45) NOT NULL,
  PRIMARY KEY (`idasiento`)
) ENGINE=InnoDB AUTO_INCREMENT=61 DEFAULT CHARSET=utf8mb3;
/*!40101 SET character_set_client = @saved_cs_client */;

--
-- Dumping data for table `asiento`
--

LOCK TABLES `asiento` WRITE;
/*!40000 ALTER TABLE `asiento` DISABLE KEYS */;
INSERT INTO `asiento` VALUES
(1,'A1','General'),
(2,'A2','General'),
(3,'A3','General'),
(4,'A4','General'),
(5,'A5','General'),
(6,'A6','General'),
(7,'A7','General'),
(8,'A8','General'),
(9,'A9','General'),
(10,'A10','General'),
(11,'B1','General'),
(12,'B2','General'),
(13,'B3','General'),
(14,'B4','General'),
(15,'B5','General'),
(16,'B6','General'),
(17,'B7','General'),
(18,'B8','General'),
(19,'B9','General'),
(20,'B10','General'),
(21,'C1','General'),
(22,'C2','General'),
(23,'C3','General'),
(24,'C4','General'),
(25,'C5','General'),
(26,'C6','General'),
(27,'C7','General'),
(28,'C8','General'),
(29,'C9','General'),
(30,'C10','General'),
(31,'D1','General'),
(32,'D2','General'),
(33,'D3','General'),
(34,'D4','General'),
(35,'D5','General'),
(36,'D6','General'),
(37,'D7','General'),
(38,'D8','General'),
(39,'D9','General'),
(40,'D10','General'),
(41,'E1','Preferencial'),
(42,'E2','Preferencial'),
(43,'E3','Preferencial'),
(44,'E4','Preferencial'),
(45,'E5','Preferencial'),
(46,'E6','Preferencial'),
(47,'E7','Preferencial'),
(48,'E8','Preferencial'),
(49,'E9','Preferencial'),
(50,'E10','Preferencial'),
(51,'F1','Preferencial'),
(52,'F2','Preferencial'),
(53,'F3','Preferencial'),
(54,'F4','Preferencial'),
(55,'F5','Preferencial'),
(56,'F6','Preferencial'),
(57,'F7','Preferencial'),
(58,'F8','Preferencial'),
(59,'F9','Preferencial'),
(60,'F10','Preferencial');
/*!40000 ALTER TABLE `asiento` ENABLE KEYS */;
UNLOCK TABLES;

--
-- Table structure for table `calificacion`
--

DROP TABLE IF EXISTS `calificacion`;
/*!40101 SET @saved_cs_client     = @@character_set_client */;
/*!40101 SET character_set_client = utf8 */;
CREATE TABLE `calificacion` (
  `idcalificacion` int(11) NOT NULL AUTO_INCREMENT,
  `valor` decimal(1,0) NOT NULL,
  `pelicula_idpelicula` int(11) NOT NULL,
  `cliente_documento` int(11) NOT NULL,
  PRIMARY KEY (`idcalificacion`,`pelicula_idpelicula`,`cliente_documento`),
  KEY `fk_calificacion_pelicula1_idx` (`pelicula_idpelicula`),
  KEY `fk_calificacion_cliente1_idx` (`cliente_documento`),
  CONSTRAINT `fk_calificacion_cliente1` FOREIGN KEY (`cliente_documento`) REFERENCES `cliente` (`documento`) ON DELETE NO ACTION ON UPDATE NO ACTION,
  CONSTRAINT `fk_calificacion_pelicula1` FOREIGN KEY (`pelicula_idpelicula`) REFERENCES `pelicula` (`idpelicula`) ON DELETE NO ACTION ON UPDATE NO ACTION
) ENGINE=InnoDB AUTO_INCREMENT=8 DEFAULT CHARSET=utf8mb3;
/*!40101 SET character_set_client = @saved_cs_client */;

--
-- Dumping data for table `calificacion`
--

LOCK TABLES `calificacion` WRITE;
/*!40000 ALTER TABLE `calificacion` DISABLE KEYS */;
INSERT INTO `calificacion` VALUES
(3,1,1,1),
(4,2,2,1),
(5,3,1,2),
(6,5,1,3),
(7,2,3,3);
/*!40000 ALTER TABLE `calificacion` ENABLE KEYS */;
UNLOCK TABLES;

--
-- Table structure for table `cliente`
--

DROP TABLE IF EXISTS `cliente`;
/*!40101 SET @saved_cs_client     = @@character_set_client */;
/*!40101 SET character_set_client = utf8 */;
CREATE TABLE `cliente` (
  `documento` int(11) NOT NULL,
  `contraseña` varchar(45) NOT NULL,
  `puntos` int(11) NOT NULL,
  `nombre` varchar(45) NOT NULL,
  PRIMARY KEY (`documento`)
) ENGINE=InnoDB DEFAULT CHARSET=utf8mb3;
/*!40101 SET character_set_client = @saved_cs_client */;

--
-- Dumping data for table `cliente`
--

LOCK TABLES `cliente` WRITE;
/*!40000 ALTER TABLE `cliente` DISABLE KEYS */;
INSERT INTO `cliente` VALUES
(1,'1',0,'Andres'),
(2,'2',0,'Paula'),
(3,'3',0,'Pepe'),
(4,'4',0,'Pepito'),
(5,'5',0,'Test');
/*!40000 ALTER TABLE `cliente` ENABLE KEYS */;
UNLOCK TABLES;

--
-- Table structure for table `empleados`
--

DROP TABLE IF EXISTS `empleados`;
/*!40101 SET @saved_cs_client     = @@character_set_client */;
/*!40101 SET character_set_client = utf8 */;
CREATE TABLE `empleados` (
  `codigo` int(11) NOT NULL,
  `cedula` varchar(45) NOT NULL,
  `telefono` varchar(45) NOT NULL,
  `cargo` varchar(45) NOT NULL,
  `salario` varchar(45) NOT NULL,
  `fecha_contratacion` varchar(45) NOT NULL,
  `multiplex_idmultiplex` int(11) NOT NULL,
  PRIMARY KEY (`multiplex_idmultiplex`,`codigo`),
  KEY `fk_empleados_multiplex1_idx` (`multiplex_idmultiplex`),
  CONSTRAINT `fk_empleados_multiplex1` FOREIGN KEY (`multiplex_idmultiplex`) REFERENCES `multiplex` (`idmultiplex`) ON DELETE NO ACTION ON UPDATE NO ACTION
) ENGINE=InnoDB DEFAULT CHARSET=utf8mb3;
/*!40101 SET character_set_client = @saved_cs_client */;

--
-- Dumping data for table `empleados`
--

LOCK TABLES `empleados` WRITE;
/*!40000 ALTER TABLE `empleados` DISABLE KEYS */;
INSERT INTO `empleados` VALUES
(123,'123','3133214097','Admin','7000000','2010-03-12',1),
(1234,'1234','1234','Director','100000','2022-02-11',1);
/*!40000 ALTER TABLE `empleados` ENABLE KEYS */;
UNLOCK TABLES;

--
-- Table structure for table `fechas`
--

DROP TABLE IF EXISTS `fechas`;
/*!40101 SET @saved_cs_client     = @@character_set_client */;
/*!40101 SET character_set_client = utf8 */;
CREATE TABLE `fechas` (
  `idfecha` int(11) NOT NULL AUTO_INCREMENT,
  `fecha` date NOT NULL,
  PRIMARY KEY (`idfecha`)
) ENGINE=InnoDB AUTO_INCREMENT=9 DEFAULT CHARSET=utf8mb3;
/*!40101 SET character_set_client = @saved_cs_client */;

--
-- Dumping data for table `fechas`
--

LOCK TABLES `fechas` WRITE;
/*!40000 ALTER TABLE `fechas` DISABLE KEYS */;
INSERT INTO `fechas` VALUES
(1,'2022-04-07'),
(2,'2022-04-08'),
(3,'2022-04-09'),
(4,'2022-04-10'),
(5,'2022-04-11'),
(6,'2022-04-12'),
(7,'2022-04-13'),
(8,'2022-04-14');
/*!40000 ALTER TABLE `fechas` ENABLE KEYS */;
UNLOCK TABLES;

--
-- Table structure for table `funcion`
--

DROP TABLE IF EXISTS `funcion`;
/*!40101 SET @saved_cs_client     = @@character_set_client */;
/*!40101 SET character_set_client = utf8 */;
CREATE TABLE `funcion` (
  `idfuncion` int(11) NOT NULL AUTO_INCREMENT,
  `numsala` int(11) NOT NULL,
  `pelicula_idpelicula` int(11) NOT NULL,
  `multiplex_idmultiplex` int(11) NOT NULL,
  `horario_idhorario` int(11) NOT NULL,
  `fechas_idfecha` int(11) NOT NULL,
  PRIMARY KEY (`idfuncion`,`pelicula_idpelicula`,`multiplex_idmultiplex`,`horario_idhorario`,`fechas_idfecha`),
  KEY `fk_sala_pelicula1_idx` (`pelicula_idpelicula`),
  KEY `fk_sala_multiplex1_idx` (`multiplex_idmultiplex`),
  KEY `fk_funcion_horario1_idx` (`horario_idhorario`),
  KEY `fk_funcion_fechas1_idx` (`fechas_idfecha`),
  CONSTRAINT `fk_funcion_fechas1` FOREIGN KEY (`fechas_idfecha`) REFERENCES `fechas` (`idfecha`) ON DELETE NO ACTION ON UPDATE NO ACTION,
  CONSTRAINT `fk_funcion_horario1` FOREIGN KEY (`horario_idhorario`) REFERENCES `horario` (`idhorario`) ON DELETE NO ACTION ON UPDATE NO ACTION,
  CONSTRAINT `fk_sala_multiplex1` FOREIGN KEY (`multiplex_idmultiplex`) REFERENCES `multiplex` (`idmultiplex`) ON DELETE NO ACTION ON UPDATE NO ACTION,
  CONSTRAINT `fk_sala_pelicula1` FOREIGN KEY (`pelicula_idpelicula`) REFERENCES `pelicula` (`idpelicula`) ON DELETE NO ACTION ON UPDATE NO ACTION
) ENGINE=InnoDB AUTO_INCREMENT=156 DEFAULT CHARSET=utf8mb3;
/*!40101 SET character_set_client = @saved_cs_client */;

--
-- Dumping data for table `funcion`
--

LOCK TABLES `funcion` WRITE;
/*!40000 ALTER TABLE `funcion` DISABLE KEYS */;
INSERT INTO `funcion` VALUES
(1,1,1,1,7,1),
(2,1,1,1,14,1),
(3,1,1,1,20,1),
(4,1,1,1,27,1),
(5,2,2,1,3,1),
(6,2,2,1,10,1),
(7,2,2,1,18,1),
(8,3,3,1,14,1),
(9,3,3,1,22,1),
(10,4,4,1,7,1),
(11,4,4,1,17,1),
(12,5,5,1,17,1),
(13,5,5,1,24,1),
(14,1,1,1,8,2),
(15,1,1,1,17,2),
(16,1,1,1,24,2),
(17,2,2,1,1,2),
(18,2,2,1,13,2),
(19,3,3,1,13,2),
(20,5,5,1,11,2),
(21,5,5,1,19,2),
(22,5,5,1,25,2),
(23,1,1,1,13,3),
(24,1,1,1,20,3),
(25,3,3,1,20,3),
(26,3,3,1,10,3),
(27,4,4,1,14,3),
(28,4,4,1,22,3),
(29,5,5,1,8,3),
(30,5,5,1,20,3),
(31,1,1,1,20,4),
(32,1,1,1,10,4),
(33,2,2,1,10,4),
(34,3,3,1,10,4),
(35,4,4,1,17,4),
(36,5,5,1,15,4),
(37,5,5,1,22,4),
(38,2,2,2,10,1),
(39,2,2,2,18,1),
(41,4,4,2,9,1),
(42,4,4,2,19,1),
(43,4,4,2,25,1),
(44,2,2,2,10,2),
(45,2,2,2,18,2),
(47,4,4,2,2,2),
(48,4,4,2,17,2),
(49,4,4,2,9,2),
(50,2,2,2,9,4),
(51,2,2,2,17,4),
(52,4,4,2,7,4),
(53,4,4,2,15,4),
(54,4,4,2,22,4),
(55,1,1,3,17,1),
(56,1,1,3,27,1),
(57,2,2,3,1,1),
(58,2,2,3,9,1),
(59,2,2,3,17,1),
(60,5,5,3,7,1),
(61,5,5,3,15,1),
(62,5,5,3,22,1),
(63,1,1,3,10,2),
(64,1,1,3,19,2),
(65,2,2,3,4,2),
(66,2,2,3,12,2),
(67,5,5,3,12,2),
(68,5,5,3,22,2),
(69,1,1,3,10,3),
(70,1,1,3,18,3),
(71,1,1,3,27,3),
(72,2,2,3,7,3),
(73,2,2,3,14,3),
(74,5,5,3,4,3),
(75,5,5,3,14,3),
(76,5,5,3,24,3),
(77,3,3,4,10,1),
(78,3,3,4,20,1),
(79,4,4,4,2,1),
(80,4,4,4,12,1),
(81,4,4,4,22,1),
(82,5,5,4,7,1),
(83,5,5,4,15,1),
(84,5,5,4,23,1),
(85,3,3,4,10,2),
(86,3,3,4,19,2),
(87,4,4,4,5,2),
(88,4,4,4,14,2),
(89,4,4,4,21,2),
(90,5,5,4,12,2),
(91,5,5,4,19,2),
(92,3,3,4,9,3),
(93,3,3,4,19,3),
(94,4,4,4,5,3),
(95,4,4,4,11,3),
(96,4,4,4,20,3),
(97,5,5,4,20,3),
(98,3,3,4,3,4),
(99,3,3,4,13,4),
(100,3,3,4,23,4),
(101,4,4,4,23,4),
(102,5,5,4,13,4),
(103,5,5,4,20,4),
(104,1,1,5,5,1),
(105,1,1,5,13,1),
(106,1,1,5,19,1),
(107,1,1,5,27,1),
(108,2,2,5,1,1),
(109,2,2,5,11,1),
(110,2,2,5,17,1),
(111,2,2,5,24,1),
(112,1,1,5,14,2),
(113,1,1,5,24,2),
(114,3,3,5,4,2),
(115,3,3,5,13,2),
(116,3,3,5,19,2),
(117,4,4,5,10,2),
(118,4,4,5,17,2),
(119,1,1,5,17,3),
(120,1,1,5,27,3),
(121,3,3,5,7,3),
(122,3,3,5,15,3),
(123,3,3,5,22,3),
(124,4,4,5,2,3),
(125,4,4,5,10,3),
(126,1,1,5,10,4),
(127,1,1,5,18,4),
(128,1,1,5,25,4),
(129,3,3,5,5,4),
(130,3,3,5,15,4),
(131,3,3,5,25,4),
(132,4,4,5,13,4),
(133,2,2,6,10,1),
(134,2,2,6,20,1),
(136,3,3,6,8,1),
(137,3,3,6,17,1),
(138,2,2,6,4,2),
(139,2,2,6,14,2),
(140,2,2,6,22,2),
(141,3,3,6,9,2),
(142,3,3,6,18,2),
(143,3,3,6,25,2),
(144,1,1,6,5,3),
(145,1,1,6,12,3),
(146,1,1,6,18,3),
(147,1,1,6,25,3),
(148,2,2,6,5,3),
(149,2,2,6,15,3),
(150,3,3,6,19,3),
(151,1,1,6,9,4),
(152,1,1,6,17,4),
(153,2,2,6,17,4),
(154,2,2,6,27,4),
(155,3,3,6,15,4);
/*!40000 ALTER TABLE `funcion` ENABLE KEYS */;
UNLOCK TABLES;

--
-- Table structure for table `horario`
--

DROP TABLE IF EXISTS `horario`;
/*!40101 SET @saved_cs_client     = @@character_set_client */;
/*!40101 SET character_set_client = utf8 */;
CREATE TABLE `horario` (
  `idhorario` int(11) NOT NULL AUTO_INCREMENT,
  `hora` varchar(45) NOT NULL,
  PRIMARY KEY (`idhorario`)
) ENGINE=InnoDB AUTO_INCREMENT=28 DEFAULT CHARSET=utf8mb3;
/*!40101 SET character_set_client = @saved_cs_client */;

--
-- Dumping data for table `horario`
--

LOCK TABLES `horario` WRITE;
/*!40000 ALTER TABLE `horario` DISABLE KEYS */;
INSERT INTO `horario` VALUES
(1,'10:00'),
(2,'10:30'),
(3,'11:00'),
(4,'11:30'),
(5,'12:00'),
(6,'12:30'),
(7,'13:00'),
(8,'13:30'),
(9,'14:00'),
(10,'14:30'),
(11,'15:00'),
(12,'15:30'),
(13,'16:00'),
(14,'16:30'),
(15,'17:00'),
(16,'17:30'),
(17,'18:00'),
(18,'18:30'),
(19,'19:00'),
(20,'19:30'),
(21,'20:00'),
(22,'20:30'),
(23,'21:00'),
(24,'21:30'),
(25,'22:00'),
(26,'22:30'),
(27,'23:00');
/*!40000 ALTER TABLE `horario` ENABLE KEYS */;
UNLOCK TABLES;

--
-- Table structure for table `multiplex`
--

DROP TABLE IF EXISTS `multiplex`;
/*!40101 SET @saved_cs_client     = @@character_set_client */;
/*!40101 SET character_set_client = utf8 */;
CREATE TABLE `multiplex` (
  `idmultiplex` int(11) NOT NULL AUTO_INCREMENT,
  `nombre` varchar(45) NOT NULL,
  PRIMARY KEY (`idmultiplex`)
) ENGINE=InnoDB AUTO_INCREMENT=7 DEFAULT CHARSET=utf8mb3;
/*!40101 SET character_set_client = @saved_cs_client */;

--
-- Dumping data for table `multiplex`
--

LOCK TABLES `multiplex` WRITE;
/*!40000 ALTER TABLE `multiplex` DISABLE KEYS */;
INSERT INTO `multiplex` VALUES
(1,'Titan'),
(2,'Unicentro'),
(3,'Plaza central'),
(4,'Gran Estacion'),
(5,'Embajador'),
(6,'Las americas');
/*!40000 ALTER TABLE `multiplex` ENABLE KEYS */;
UNLOCK TABLES;

--
-- Table structure for table `pelicula`
--

DROP TABLE IF EXISTS `pelicula`;
/*!40101 SET @saved_cs_client     = @@character_set_client */;
/*!40101 SET character_set_client = utf8 */;
CREATE TABLE `pelicula` (
  `idpelicula` int(11) NOT NULL AUTO_INCREMENT,
  `nombre` varchar(45) NOT NULL,
  `imagen` blob NOT NULL,
  PRIMARY KEY (`idpelicula`)
) ENGINE=InnoDB AUTO_INCREMENT=6 DEFAULT CHARSET=utf8mb3;
/*!40101 SET character_set_client = @saved_cs_client */;

--
-- Dumping data for table `pelicula`
--

LOCK TABLES `pelicula` WRITE;
/*!40000 ALTER TABLE `pelicula` DISABLE KEYS */;
INSERT INTO `pelicula` VALUES
(1,'The Batman','\0JFIF\0\0`\0`\0\0\0\"Exif\0\0MM\0*\0\0\0\0\0\0\0\0\0\0\0\0\0\0\0\0C\0		\n\n\r\n\n	\r\0C\0\0\0\"\0\0\0\0\0\0\0\0\0\0\0\0	\n\0\0\0\0}\0!1AQa\"q2#BR$3br	\n\Z%&\'()*456789:CDEFGHIJSTUVWXYZcdefghijstuvwxyz\0\0\0\0\0\0\0\0	\n\0\0\0w\0!1AQaq\"2B	#3Rbr\n$4%\Z&\'()*56789:CDEFGHIJSTUVWXYZcdefghijstuvwxyz\0\0\0?\0CdjN?SM_e4STNT|iLh|{{ROaK\r56ijUCiW1ր!A0(\rDX((lRnT/(n┎)7dQނC.yF4(\Z\r#4\0U7 -yjw4ԊtJ\"7/iqzi(͜}3W\"mN֗cŽ!m䟟׭f?iftkszŘq*AoJpSs\rV;#~ҫ^l\nv>65k\\e-`\"G(\\w5m718;Vz;2=BC$qܡ&eCܧܬ3\rT2s޺Y٨YیԷ5wr;SM.N#%>Hz^>$5Ĥ*\"9$HMM=*li^^Roκx(Oa=i2IW9VcP!5`B\\Ԃэiqޥu\\\n!/LwGˏʳr:ѶV5rHEC:JFuhBh	qRE`q޴\'f\'>˜U]$bMhf]ʵlTO_V3Ur)YƝp+9Fеe\\/9,9z/Y0bUZS=*8xVeqov^\">^ڷ&Gzk-b[h\"GNEp`Z*ZO;o!ӴX\Z)WX\"P@m:z(xkB~oguuuA¹߃_FX^qżq:7č7Ud2)VGT07trayc&ɸӵNo8$IwSk}vj׽ѣ|8y!	B5ĺ~=[KG!x[;PNFt|kڼ¶LH}?,:s0)ӆz׿ԭ])վOV>\".p|VZ7it(S=)V,VS5\'7ozU5<-ऌSj>ޮKV*$ֱJ/B&\Zk&\njTLfT\"g[\06é\\Ê{4|3P\\\"e\0ZԳxj+\rݿuB:gm变rFkέQ]+QOKP2?vh_Ŕ=jٶp6c%cJ%tE(#Og*iN8i%\0t5}ϤOaVEsRvKn۶bA=qSXF*VF1sh{P\\қ^gc;Gj3/8=li\04\\H]\\L$<?^se$4#j;Ic=y#УMkԴǒ0~Gӫf|\\q]\\+jP[+y3UlR#3<MbOp>h=*\"WN v6\"mmsurNQgiaPxRfF,s߷i-0q^N\"UѲ僃k[#zے@L6)}}jek̳(461	P?2vQ\ZɓS-I*Hw>dpsl6Fsڶdq$qwU-nvǍ0Wm]TK}Xݤ߰Vެ \ZԖolzs\\qr]YjB{*آsUq^eJi٤V(	Xu_NlY&]n!~\\lp;)r_چ^m3wj\'9<`W1YTmc7_k*K2<-k\05ᦗ |koS+:ʲkk>87~]R2d%9GMi\'gk_GG9s\\}?Ȫ8ݏnxmk+e cI-#Ҵ̿nCϯkRh̲zkVQWr[wv:DvV6$J	?ONkc2.M6IJ~~SE_ɝ\0|ZG?pa)ӫAi(,\rA61~|ݭKFqUU{t;\'jsI*!֘0z}x4xtB@v~5~fx7tmmRJb|ُ7Yl\0T\\9wN7>CItw ^֥qU^;qֵO)+ͭEC2Λ7cc(=S8t[oePJd:QI}\Z.\\3IbW>%sYۦ-]#ab3pwd񓌌UŚL6Cunm՘Y-	2Az~#WHGa_Y?5h㑁TSVqqƦZ5fO7fӏk58\r[+yw8mr?;sM?hL!$d,ܒC:DkG.Lyd_<qs5:^:TQb8ʕ0n2t\0\"ֹsu#ogϭr=\07P\0qڣݹׯF12U|]޷7#k$klaL㧽oy7#fTy@?S:{T2ֳJ-rN\0\n>c\\,*ɹC^e\'/\nTqmc>cy#H8+}}\\,n+%&xu<!p{7$m}G>_W,\rzz~?},qV6vk~䵟Ɵ%W4$r\0jbJZ,zkIAYG*)6>N_/*HַS=3ڣin:wwcy<y5ccDW95$`s׃_cʮ6ƴR.t@Ү=k![uq^qMZ筂ϝ+69MkkL2\\۝dC?Q]NVV78[Qn\\?\n}:.+xQSiqҭi֖1qcl}Ffܯ(:V-kfj\n屃\0|FN	Nh.<*OEK2G11G!~5w\ZEķV$G&t]G2܅S)8<?IXeY\ZH	*~oA9]|]x^NwIh^q^&TSèJsVo\05ɦ~gU,}\0*٦ᅡCI+p +\r0c.<\ZH#i[\'Q}3r~+p*b%\Z/fޟ\0!cMv4E;g;HGNk?{w~VcaFgO	]l\r#\r걽̛\ZF;yT`<,1Q{4Z}WcM&]V_1V#\0>isޞ\04zCݤ[0$*@;ƽW\r^oɇQه<g䚆6[6O5)}1Oj~jl\Zq]\\Z3NÜt0+[[)-W]_3na;Չ\"?Şv_>L3.R*W<DfP{7:k|ćȏUO$R>{G:Md;ٻa1qkhTncXOC*ES;\r:(keXB?r\"Z#uo¾{r?dsjtlmukOZww{\Zt>oE{+Q喇fm4rh	4ْh݊Nl\0Zu{J:Xut2*>E`K`8\"l-]*gUc\nǚڌ)&<iaJ	7j՛]e4xnkRQ!ϒ5`\0sD[RdE1y<D lx֪|n>\\j֟rmڿ7C]JR)|}ǇR4iSN~ܯvbDs	~ʜmGej}Z)M|~+/x/=qiqd0cZu$9Dש3OjX<n9|\\e)ץzrO)PozEfU~#idR=TvfFdv\Zew&t2C*	4Iէ*oh\r11IK;UO8|O\0֌;Tv`߻}~j{3;9[r櫖⤀¿alt;ٓ(b+R(jόsMݮjݰk)Vϵ`A¼}ʕj;~=?S˕kK_JaS>/%UX!lc=*&7usYʷkZr\\Ȭ}v1&J]CjLS&\"n+ڤӦV\0zB}\ryRz8zsooy^~SP|unZ(E#2kH橕Qw8-NWp;zUimHUyY5E-rIۻ^:7/ghe	*v7COI1hvAmw<\0SH<y\0o!ccW?2}a\'exfq6{y3e:VWT\0|vzjM#J\0~`8QƳ-Xu5hC&zU$:hp˸W-H0sA%֯jɷ2j/ڸD\\mnkȣ{95ex3!u.SnZ>\'ǵ+f)|skUa\\.|+v	@b d~n)qM<6*Xm?kRZ:KqȬٴdp=k>p^!{Z[C|#X^[*V-$jkºq\'3J++ewX\rLަYpw}l~UVP=#5uY*1x>lIj7!U~UfNչ	ϗ{\'-a&OUbr񠜃CuL*9Z9N\rFV,$9j1V|Gk~j}D{9ZAYOcv?/j08liqZ6WSVWҬC}\\u)L;[eSֶԯz/Uji[ub0s;A{mб̊=Ms\\+3kic޼?B񒜕VP٦,p>\\P7h<nK	$d\\`sXs֕0.:=LnHDP\0?U$դ׮{VI?)ףeSpyy?lcmѫxgWxvFߩٰWiRGp:Nu(?j;P:W\'+t4trq@SR.[|<R|oD3d8&JOLm^,rWBTg#vq\r>Jٳ8ks9uc]ʟ5ryֺ3?;̊p	=Qx_nKmJK2%U*kfXԅ)KY٭:=S-LGxyJ5/$\\rVݓtyL>9;xPnݐG[yhQR//Q7WQ۾(eA#<=9[:ϦI6G\"UI\rP	׋2N=T~J%[BRtJS<o\ZsL&{vc**1N=EQ,:=\rFׇ+yqo3L\rqˑC.q|p:g_\02TT˖T69 Y3J5f--Sѧ`4pq%xޗ8+(\0<WELn:>D%𕮤/.3TbԖiM\"#Pۂ aj)AKX}FW8jtkդk[2wq%,빾KCEHA*0#sQۖKA\0,~ukǚ\'J*ɩ_o\0\"+l78ɧH\nV)ەrhA>!m5ilrHl4k8#ح_wǵҖU\0dWyUY4!nɸ}\0\\\ZI࠱]z\0sgpa񐲲wO\0Ĭ~cf9?{WGtۭ@),eQW_ﮯkx\"3e!F^_>$Gnkm8^w7?	bLK$9IBc=1Ns_%JOܚ۵\03+9s,/7֗\'5ɢi-{Λ[ESpaQIڬ=~V׌<cyjqO}%ykcn{)\0Z(ȸVm(̗[	돢A$\Z224!ta!S#{drEiMƥ+7k]oz,,*3h*ٿg\'dZk 7wJm3\0g\rsrY`dp@c$\n(|]ԾhBtѪh7!7]pCev\0.ISD?\rsF_ZJ8Gmq{?k}oխ)iwwZ{&S	Et҅u&֪W^owo//y/`\07RX\\NKKr{g;ORyj_e7WpUhp=~vXi*[hݵHJB|FT0g\'[>\0=SImlnC\"Ka;=9hΚ(Z릭\0ǃ<QG/Tu%rvi.i>XSo7owh䍢IDZ,cܐ1)6]Z02}ASP7\0X޹=5kv.<Ld}:-.P--%Xaxc$3z^*+K;ingcEC)IQySc&a{龟5t\0A\\Z\\$D*1v2Wa/r5Ue?69OO>[`۵E\\ۡN+KDm]p8\0^jiƔj{*Rm$4~y>a9J)7OKZ|֯Iv5Znyig#Eu4r:kR\'\0gZ:I6,9V;OXd^NkB	^=ZnjuM3㓖}hl?$v<~\\|LN[=f+-|3{aF\\o%Ғ<>\\8X`}|^x[QUťd2bQW@|Tm\0\\AvxͲ|F&Ji\'W{{xVQeY\n:.)s%ʓW\ZF\0߉u&]dDXmQX5ΟwGW2PaD80{_:U,HumV;[!1tvg\'>5~(h=[Rc`ҭQ!\0w?pኯ\rR&g.u0ҕ\nQS|Rui>C_Wj6H/][$K 6^^+4kxmcpYV<2jž_پ\"pwM_6gG\'ڪh?ִ-Kյ]7PmV*TTPkeUSqk}Y\0dY)aMZ3iMͧMtJ֓W֭w\0~X[r]\n7?yğI]jDr:\0lҾ\"kz7n]Z\rPm6+\'\'n9e~Uǳ5{9%Y_ll*G`+lZ9i5uY\0p>qxBusN6+q+Y>7v6-为Q,`c;w9VH;[h\'׽|xW\rέ\\7g<~<Oͯ^3۔88+HDҋ抒o]oGaq4ԥ:qTm=RNM\'J~5PT\'+nsWe_wf\0ʓ9q\\ZRj?.	<AY|]};澸k#M\0{ܚ9tiM%dyƶ2<8Ni]kZf~w:ط8eֹ+8;gN\0W&\"2|t]tV\r\"ÃkbM?g*֭+|^5jnL+/FSSEs$\'\0⎢\0;vRc&hBL(CWY?@|WuּAp-ՉgmPvp\0\n\"ź+r>\n<K4Je>FgeO<;7\ri3%ōl.#|1r.{ۭJRC/~?͟\0,;IvdgbPe\n	e ^k/x=+량ߵOE-c_$\Z2X\\j7\Z&Ya2;X(˱\rmPUE-/~cG`lhFY9֌9%fՔ3嫶fᓽ[\\ʼڑ>6mZkbj\\.F+tϨl:+޶یo\\\0i[k%^u|;eY)͝Zg֥}Ch$ #s_ws	`d~\'/u'),
(2,'Los tipos malos','\0JFIF\0\0`\0`\0\0\0\"Exif\0\0MM\0*\0\0\0\0\0\0\0\0\0\0\0\0\0\0\0\0Ducky\0\0\0\0\0\0\0http://ns.adobe.com/xap/1.0/\0<?xpacket begin=\"﻿\" id=\"W5M0MpCehiHzreSzNTczkc9d\"?>\r\n<x:xmpmeta xmlns:x=\"adobe:ns:meta/\" x:xmptk=\"Adobe XMP Core 5.0-c060 61.134777, 2010/02/12-17:32:00        \">\r\n	<rdf:RDF xmlns:rdf=\"http://www.w3.org/1999/02/22-rdf-syntax-ns#\">\r\n		<rdf:Description rdf:about=\"\" xmlns:xmpMM=\"http://ns.adobe.com/xap/1.0/mm/\" xmlns:stRef=\"http://ns.adobe.com/xap/1.0/sType/ResourceRef#\" xmlns:xmp=\"http://ns.adobe.com/xap/1.0/\" xmpMM:OriginalDocumentID=\"xmp.did:079f6ed2-e7de-45d7-a305-8b6524bef768\" xmpMM:DocumentID=\"xmp.did:22DA57465D0B11ECB1B296D44BAD343C\" xmpMM:InstanceID=\"xmp.iid:22DA57455D0B11ECB1B296D44BAD343C\" xmp:CreatorTool=\"Adobe Photoshop 22.4 (Macintosh)\">\r\n			<xmpMM:DerivedFrom stRef:instanceID=\"xmp.iid:a3ef0747-b05e-4698-9a2e-c7e5f8805402\" stRef:documentID=\"adobe:docid:photoshop:d4bd8c76-d4a7-2143-a73a-0012bfaefd5f\"/>\r\n		</rdf:Description>\r\n	</rdf:RDF>\r\n</x:xmpmeta>\r\n<?xpacket end=\'w\'?>XICC_PROFILE\0\0\0HLino\0\0mntrRGB XYZ \0\0	\0\01\0\0acspMSFT\0\0\0\0IEC sRGB\0\0\0\0\0\0\0\0\0\0\0\0\0\0\0\0\0\0\0-HP  \0\0\0\0\0\0\0\0\0\0\0\0\0\0\0\0\0\0\0\0\0\0\0\0\0\0\0\0\0\0\0\0\0\0\0\0\0\0\0\0\0\0\0\0\0\0\0cprt\0\0P\0\0\03desc\0\0\0\0\0lwtpt\0\0\0\0\0bkpt\0\0\0\0\0rXYZ\0\0\0\0\0gXYZ\0\0,\0\0\0bXYZ\0\0@\0\0\0dmnd\0\0T\0\0\0pdmdd\0\0\0\0\0vued\0\0L\0\0\0view\0\0\0\0\0$lumi\0\0\0\0\0meas\0\0\0\0\0$tech\0\00\0\0\0rTRC\0\0<\0\0gTRC\0\0<\0\0bTRC\0\0<\0\0text\0\0\0\0Copyright (c) 1998 Hewlett-Packard Company\0\0desc\0\0\0\0\0\0\0sRGB IEC61966-2.1\0\0\0\0\0\0\0\0\0\0\0sRGB IEC61966-2.1\0\0\0\0\0\0\0\0\0\0\0\0\0\0\0\0\0\0\0\0\0\0\0\0\0\0\0\0\0\0\0\0\0\0\0\0\0\0\0\0\0\0\0\0\0\0\0\0\0\0XYZ \0\0\0\0\0\0Q\0\0\0\0XYZ \0\0\0\0\0\0\0\0\0\0\0\0\0\0\0\0XYZ \0\0\0\0\0\0o\0\08\0\0XYZ \0\0\0\0\0\0b\0\0\0\0XYZ \0\0\0\0\0\0$\0\0\0\0desc\0\0\0\0\0\0\0IEC http://www.iec.ch\0\0\0\0\0\0\0\0\0\0\0IEC http://www.iec.ch\0\0\0\0\0\0\0\0\0\0\0\0\0\0\0\0\0\0\0\0\0\0\0\0\0\0\0\0\0\0\0\0\0\0\0\0\0\0\0\0\0\0\0\0\0\0desc\0\0\0\0\0\0\0.IEC 61966-2.1 Default RGB colour space - sRGB\0\0\0\0\0\0\0\0\0\0\0.IEC 61966-2.1 Default RGB colour space - sRGB\0\0\0\0\0\0\0\0\0\0\0\0\0\0\0\0\0\0\0\0\0\0desc\0\0\0\0\0\0\0,Reference Viewing Condition in IEC61966-2.1\0\0\0\0\0\0\0\0\0\0\0,Reference Viewing Condition in IEC61966-2.1\0\0\0\0\0\0\0\0\0\0\0\0\0\0\0\0\0\0\0\0\0\0\0\0\0\0view\0\0\0\0\0\0_.\0\0\0\0\\\0\0\0XYZ \0\0\0\0\0L	V\0P\0\0\0Wmeas\0\0\0\0\0\0\0\0\0\0\0\0\0\0\0\0\0\0\0\0\0\0\0\0\0\0\0\0sig \0\0\0\0CRT curv\0\0\0\0\0\0\0\0\0\0\0\n\0\0\0\0\0#\0(\0-\02\07\0;\0@\0E\0J\0O\0T\0Y\0^\0c\0h\0m\0r\0w\0|\0\0\0\0\0\0\0\0\0\0\0\0\0\0\0\0\0\0\0\0\0\0\0\0\0\r%+28>ELRY`gnu|&/8AKT]gqz\0!-8COZfr~ -;HUcq~\r+:IXgw\'7HYj{+=Oat2FZn		%	:	O	d	y						\n\n\'\n=\nT\nj\n\n\n\n\n\n\"9Qi*C\\u\r\r\r&\r@\rZ\rt\r\r\r\r\r.Id	%A^z	&Ca~1Om&Ed#Cc\'Ij4Vx&IlAe@e Ek\Z\Z*\ZQ\Zw\Z\Z\Z;c*R{Gp@j>i  A l   !!H!u!!!\"\'\"U\"\"\"#\n#8#f###$$M$|$$%	%8%h%%%&\'&W&&&\'\'I\'z\'\'(\r(?(q(())8)k))**5*h**++6+i++,,9,n,,--A-v--..L.../$/Z///050l0011J1112*2c223\r3F3334+4e4455M555676r667$7`7788P8899B999:6:t::;-;k;;<\'<e<<=\"=a==> >`>>?!?a??@#@d@@A)AjAAB0BrBBC:C}CDDGDDEEUEEF\"FgFFG5G{GHHKHHIIcIIJ7J}JKKSKKL*LrLMMJMMN%NnNO\0OIOOP\'PqPQQPQQR1R|RSS_SSTBTTU(UuUVV\\VVWDWWX/X}XY\ZYiYZZVZZ[E[[\\5\\\\]\']x]^\Z^l^__a_``W``aOaabIbbcCccd@dde=eef=ffg=ggh?hhiCiijHjjkOkklWlmm`mnnknooxop+ppq:qqrKrss]sttptu(uuv>vvwVwxxnxy*yyzFz{{c{|!||}A}~~b~#G\nk͂0WGrׇ;iΉ3dʋ0cʍ1fΏ6n֑?zM _ɖ4\nuL$h՛BdҞ@iءG&vVǥ8\ZnRĩ7u\\ЭD-\0u`ֲK³8%yhYѹJº;.!\nzpg_XQKFAǿ=ȼ:ɹ8ʷ6˶5̵5͵6ζ7ϸ9к<Ѿ?DINU\\dlvۀ܊ݖޢ)߯6DScs\r2F[p(@Xr4Pm8Ww)Km\0C\0		\n\n\r\n\n	\r\0C\0\0\0\"\0\0\0\0\0\0\0\0\0\0\0\0	\n\0\0\0\0}\0!1AQa\"q2#BR$3br	\n\Z%&\'()*456789:CDEFGHIJSTUVWXYZcdefghijstuvwxyz\0\0\0\0\0\0\0\0	\n\0\0\0w\0!1AQaq\"2B	#3Rbr\n$4%\Z&\'()*56789:CDEFGHIJSTUVWXYZcdefghijstuvwxyz\0\0\0?\0?k\0e\rōqYmBpc|ՊHkKh5xeq	% \"I-d@s>&WR$c-dz{TZω΍ool{y.[,\nJr#A<dg*ߢ~3,-\nt*q#\'|oRMCdGi\03)la³gx45?4C\ZƟ7c}7MOD% v*\0{{~7Z?WPeK.F9=v\0ZFjGtqaK{kIX`D?1,CS^MUa	Z[omuzqXu&_}ZngT*\nSʰ=j\r$,b~*|\0\0uO@ĭñVW<F5{BA_*έT&囊d?L/<mM+6 խ1\0/auyX#c>I\0_>ԾEg?uyJ&i[k)\0K@X\nPT\0Y\0h\'-?/k!ѮtwZk:ENky;5b$o.^3K~7>?kŜv:sI{\"c+ŃڶBv!\0S\0g]g$p5%[q!.x\\\0eqJN\0{f{\08Z4_ix^##SVxIm\"(亓K!2\'-o>νMWr-=[XЭ{(n-+>jr.Ys(\0\rj\0gs?[!	lD<f	.x_Ý\'x_^\Z~\\ŭd*H8`GUe A፥ׅuk\0i&sY|yK{]v4Yhw$gt7)//K6JtxP/o<AsokkOw6,n}i\"BexFc@sE~Mq\0<9wR\Z^uo\0	e嶋5i[GK-IS̊oxO\Zx#G%ӵ\rMZǰ˺2FaDݵf5@Ğ$[\r2ycJƃ3vp+=k\nw|c7@Hj_L5rc\06|wYҕ79Yg\0]ּEM\'e?i7vJ?9Z	mRxդ&Y]q&-\'d_v߅wO7⧅|qp>_[7G25cN6\'>\rm;ERLm	QTQx\0rrMx<?\Z؊Yҿi[.Ti^e@~$Ӭkkz´Z])$Ǚ.\Z\r̀I\0d+kJ3uj$6g\Z3Q\0ُ^ֿ\ZM܉	a	 o98X6\'Vxz\0+)_.tO6]Hsy%QwU&($W͚^3\'ƿ3.xX_vs\\iuԛ\Z=֑$PzN̣<dcm\0_Ti3Z5ob}Wku(ۀq5~Z>k\\]cMKCPqȻhj\\ךg-tF{xV).\0W,s}	M|LifjZ.˪4\0>K<!	ݮzh:-Zڠ1h:(Q*u!d|#mY\\㑞8mr2?ASdW/?X2TR9U4\r ,wd\055*rE+ӏ<SZv_yєQzc\0^GOauqv{oyRʹ\'*~ǩKڪΖnexu>#	I*_h-\ne<Ev?to?_wfUH\00?\0.V*;NVݤ_TfǞ>pX9jZ;hwfAp1!#C#N1%/#\Z9We&ٶ	\r8~i`S|Ik\0c5&ՠVVY\"zز\Z>1|SC{naVֱF=Y\0}ػh?7Zuݨ0[찾\0-dJTlc\0OQ`孼_#jtru=S}WOtq\Z1}O5q.Y_4ZM/S_\'-.\0F_*$@w?û^qYeK/{4]^p_7/\'b}wo2X	\Z\n{WQ-u(=\rcN]-bU*$<09b?{\Zw(T+Mo*n-3LZKHR6?uv=e\'ϸ>j_,iNo$ِSr]\09oY|Vq٬.\'\'Y;=»tۑ	~W>Ңc#$p\0N6<Me4k{e\'>Ə,SJ+u%nM_B\0CpЪmt\"qI1zJ4F*INNrݑjWca4ͼ1bl$M|{,4k\")-܉\'$I Tھ7$n.;ɂ/L6	+0¾vѿb\0~_>wjvNkї$c1˲DVyxmVIVv|\0*O]5]>υ)dj\r\ZIG+ZjW+mUKcަB\0g_O~Z֡M\r`jvC$2*Komj;\'<$\0(Pg)%vd)\0:?೚F\0ݶէ\'̀?_ƮgJ\\eGRKDM^IFՏԧ0kG)ƔefIͫ\'+T~1x_\ZZu5͝Y\'EYqPi\0gF7oOm&o6XiQ33[\'w\rQa;\\wm2\0^4;<IxG!<%iqQ]Mq3٘roݻ=F\\f;2Mԫ*T\\deMBzw}`2UQ\nԠwU*妴{m\\ࠞ$<)\0fIj\Z5sg$qX|2$/WCm\"kkwo,OiSQ2;Gq󲫫!\nNr<\0\n)\0Eܳ|H##DLT_R|]2W\0~]YQ;IǗ7d۲*\rfe:q(η4TԚ\\V\0\n3yo؟>/O,i@J\\)	fTtW0[|E[xmԠҮd\r[g\nW\0ȮG\0ì~ӿ|* Ooo۠IHX\\I:U>WDr]]Bɝבcð\0vѼcV*5(2qi]ɮmѝɰ*VJ%9ݔ#.uڣͷ=.i4Z|dU$9!]OG	]6\rYG%GijzIdYSIU\0(ß?<!kkLx,	;>nI^/Gߋ|2M5khfKmm`cM#:A,($N&(ʿ*}Zѽ~	VU[*%ΟP	fҤּ|;&9nu$-\Z:Ie\'9W[{cj(<7R8e<<U\n7IJ;V50IP18Zt4>[XE(P(P\0\0\0k(Zkk#b81DP(S3ٖ]Ǐ>\"L~/O<J^Y9og/}^s!`h+7c|\na*Qˡ<G*^s\0E=L\'ic?\'ZC(?ۼ:ƑvԒz\nK]|/ٻڅϋ-/M|G[hSK$0<uz2~KO/uQufllጩϕG]h*Kh|\Z@kڶ?[ך6\Z\'Bv\".Kxޙ^Wg\0oQ񞙠]躦ZX[XKأxy#\"Gpt\0UNvReev}ϳ\nԨRI7I\\kG1t6ke|Rm}ED\0#^\0zP,~!c\Z9r>~Ͼ>8_<;^\0KI \"9,|66p\nIM|\n[e\0ch>#<Y3ƚ~l.V \ZId&Īݓ翳alN5\Zor{x=7ՖlU̸	Ss4_{Zc?.խ?a]G`[o6\ng.,|?aF[h?/޿q/\rv{)t67p|P!.] ?-տY\0Im$Ҭeմ+-59-!X!B]`>\Z2I/F8􍯯MGCM엱\"ܵNO[Mb\0J\0gmck\ZLs.+%봲軝|\'YE7?ߵû?G]hP]>i.\n\\14fP͒h8?k[Υdx2AZ|K\r?Fv\0Am/q$ʀGn6;%/Y\ZkUrNMk]pgmPGJ57B+g4}5g	ugI4m3H@JDor8`:\0oռ⯄\r,nKw2{\'Y庱1HdLhq1իϼc\0+\0~<K^#7X#\"JBĖ7+V-~%ã5w\'H2sw !Bwm8О[^\rJn5KH)%UƘL,	}*NU:M{*m)47/u[D>ُz7\rWOң\'J}\nm/>\ZР4]?Oac1&Aпoߊ?O[n=cKNg̐6܂J8RH\rYxєe9B\r~T0פm.]=\0e&%1j-Vr$	k(ѻ5MY`_wm*ż,a(1oRt>l(\0lm(XP0+ۓ/|-v~0.^\\cb73\0}{WЬ0_òxZf=&dxbU#2*|1<\\.E}U魙8Zxlikwq~#\0OxK>5k&V\0F~`A9\07$O?e|FCC0M*Ն;B	l-;$*7p3_hPwZrs.6]tf;U1)\nBHRI/ؓڎWZh˿i:dؤpzW18JYMT}^=N]?3slMn<5?>@i|?v_	]m81\"L<8{|_,ToQ)\\Gdoo.F;pqYI\0\r$wjJER76s\0ϵzGm{VxHU<к\0=?ʹ\Z4ڭjNOmJ?ĩJP9I_?Ax^nm\0\r\n>G1\0^w@g@C\0,2y#?!Dą0 P+7	1Oeb\"Ք\0}\\?EN?e\nӚߍ>%xMjIOwK\0Bff\0J`}ֻF+:pYUW>is^ܴ֗)ů4?5`srQ75YjWpol&<k?OVkvs{&\'-s\'ikVrv?iY`\08>G?I#~>kK-Ay\Z\\?/\nE{^E1ޏIx$*Ϡ漜EZ/&E4דz{XZTs,c+Qnc$jh{~_5&hg7^?|i\0p-n:EF$%w\0~~5\0R_\0\r[G]>9v$b)p70:2k⎵\07ĚEcNe	I!r[\nrFI$pU3oNqWj2{7\0n\\)ù>̲*<]E/G(_4OF>>-oBI\0v\0ǡ׈~CAksM/_\'&wkYN>V,#%X\r#&\0/SFlsƒ}r\"($@%	_a|9o|mgU& Xow6E#gʍY`ap|AգWsNҩɻwVY\'Ng^J;Ꝗ\'w*=M}~o{9\"1MOEiZ|ZU6#54T\0\0|/Oُ\nmܓ$7WR%h.	6IF\"WNTR~żCӌqRQ|Fۧˍx(V\nRe9[$\'i8][j61Iξxy3nA+NZ&֟偂(V0\'Yۓ>P@=`gNykR\\}O\nNU濳Kr[ޛuXp2YqfU3*8uR^lj	rMY^1xigӯɨ-BThRR{^MV_uqoR$V-YX}+a\Zux6p㋥$i/8ծoBg0R0\\J,d\0$錜Ozxm%6>q\Z-k7#WÑ4_ʲKQ9鐃8iWW+{ycVDp9$Fݫ/se]_;.MY)?^?VS~!_][V+(&B\0cә?dWIhnyI_VF0mUQfcp=TY<%񇃵=.Un5w;2>h0$Mï ׹O*Q*Ҥg5lZJ5j\Z.KtMs/߃	~:Au^uqZx[f2Jjb`g~qӮ/rd&TUUQ/$# x/N.c\r-6\\cԂ~UGN+VF܇!\n1՛vmet;s)̳;GY%j7qI]ijzů[.tv_:Qpr)|k;?HoG\nԴ{b^CH:WL5[Nk6F(-!Q׹RީVK[mw;410I%&k۵ߨt\nƉ>pkg!~@\\\0ůMx:^qh J\\D\'hp9ۜguvq\"\"xs~UU0jH)Ai5=;FJ5iw9߅?|%CI~t(g!6~䎆I^B;n\'\'a<?mo^0]mCLӵvaX>2\Z[;\n_5\0W.+)b0VM%٫Y<06W$mu$;Ⱦ\0yxڑcs2	@R##@\\~]@Q{hHHdW#\roThEF;ozbq*nRW}%KVKGMk~CtZ~Tr$83={w+\\j\r,:e!Ha_NW?RAM?Vk[.mI%P,d\09!}o\0g\0_&Ic\\%D]bs>S⿞x圸KGI}8v8oQit=O	yU\Z?­go<ZKEvkľwtPW/MᏉz_5,v\0jpV0PVrv`\0W\r\0jpJXFeZ5>C8єuJ\0\0s>{q\\X#hHt$\rÈ)a\0\\[{W\0~2\Z8!`>lfk3<3t\'%HO0\\y?mh:O,Fr1Pn10p1>d-7y4 ?n-/㍥p\0T$v	n#Żyżm3ڿ [|1BǾ:u__|&ѵơyHF7\0{\r~CN#7XIr8SJ4vIvo;K\0M>doy[v}sYKVne}8pn\nyo<_,\08?lc㗆YXW#l2Y4kX\n\"odpy`+t_k]}3,$ewmuO\n\0t;Al/.qke2eyBڂa+BdgtݭӪgG*sUaf˟|_>[Mз}Oӷ\\cyM|GBH\0]\0i*lҥL2^Dgèi̪?דJդUq9hȈgzC^#53ʺ\"oG})O9\Z;ď*_0~tαkIgd7z5;?\njZM[i$FVIǾ8xF:9Υnwr?Oo¼#x]y-JwJ{<7[wj洱4+ҦD~+\rm8rۅd#8T\'lNހpG##?~><y-JⷌceZj6ylfe`U>?:)&\ro]Lisq GAbO%~Yquw^QT҄ZZ徾S?`)]OY-|IXAݕMʻTa\rx/q.o\0Acg[v1\'QoRIr[c$Icw#Van\Zo~xmu9?^eNlN\ZԛMݹ$Z)ѫɤ֩z\'-#uz),a\"=RN܏\03Ok/d8byfp@Xұ~X-ZCFڕ:n\0WLu\"܈cԧ[(%*Tt՗Qv\0k둺Z@]u5\'$O[$+\\GfЄli>V4o\0I\0=7:v?$Nu\'\r\0?yok	fyn`2<nN<?+MѱKP-}jJ\"?َY2vRE\07 ^w]jıQ<Fst\'\0_=\\|\r(ɥݳQ`|[I=?1tȥɍ79\\ݕr^On?th6T7$|Ip13o5\ZdP?~rsg\n-$S,U潉TyvSW=9;owwwRqXՕmW˫ឳo$9S$]FU@fs溉uTtUOpMEa#Ff	-SphֱΒ0.\nզMcN)I--R7MZQZE5RᕲּBq\'oWwsÞ9\\7h-(m@CY^g4xC#:a\ZMl*Ofp+~ū7V`=؟aܵJ?`\rX5c%ėw?IUh~\ZgfN=~S*i%Xo#K_k淴ԪO}ŵN\nW}B\'\\g2,O$ܤHG OmW$>.}\"yt-_YMM7\rpTF\0p|E%EG]l֛nv\0dS|AJY\rо\05Gp˕_ qWU$˭{qhz֟mr<adf\".PP/L\0Ǜu/дqvj4_jVr\r遟zEqn]ں(YU$KJ\Z0]/o#;>at\nO&Izv	s\'~j:>(Mg$6\'涘iVycRbџNyz,W<Hy쏫.\0^շZ^x&0?Gޔ!W;+%m-xJz4Y4o:[o-6?OEH/s^<)BCSmݟ:T񝿂/|/kp-dԥcdD+pyͱ^i_\0q_~~\"Z{Xem#123G3ӫC\"+SY˜31RέO+9RBz[({+m&Gk K{i@{{m/Iw>g?<oyu5P^GUG\n\0\00dg~{ݏ\n-cb^WhWiQ79/ﶧfH59\0EpьW=yoQ:1+\nF:Fm6uح̘UҾr>HoY4lVht~OfU#\'{o\0^:	6͸׵r_#]Me.}ٕG+_pGٞ8oU:|cj<1A_j\r0U\r.\09\"G\0׫mRTJ\0q}jci趍{igˍ-\0Wq\03Lp9\0Z]}3PƲ)S$u<޺\0?׆k/?Լ7o2c^*	Z-u*SQm矌aEJ\0cAS\"@U\0<m\'o^M.\"w`\0Ϳ\\i릛_/<Mߏ$Lz\rqڷ	L~F\Z[kwi\'V\\%iA7뜔P]~>;.+(㽵bOՄdd@]FbbIRA`G9\'bK-lHČd|u3(=FW\'֞	?>\rZ)l]wU+#ҽsG|4+_-Nỉwֆoɺ\0q<GNHK>~ܔ`ϸ>4nZkfʬ0EcW_]i>V ZQ,n[XCu	cF1(ۙHXm9V\0@/\\xY&r	8;t5&9U%tw^(.\ZU\r$,[(=A<OZi<XX.\n$N9<]܏a}^nTia=/t+7V+򑞽mjM֌ҷO1ES4}\rձB3Y6:wXhU(Q(*2G44\nMa3p?t_>FHѯX;LypVXE/&nO7[]=OVjwdnY\'`W#xO\'?f**{\'3/H<a;V|_jZ}{-4xe`;үx׿</\"&y\0>w>A?Oi\0	-ڶm{pRk?H{K;s)lrral.q^T/>CIܶi%To$\nI <4\ZV_xY߿d~sR!cP.oEqy,jCc8x,ѝurF\0~.[4um[G.9\'ˑ}^|>=ӵK_vmaF]B5a|ʮY*Ǹ.p,</_<mB]ukSM>JbiJ 3N*xJ|IFI%h8({-v.?<>%*O⻍eXa~ג3ckWJz.\'-e	NDrZ|7Ɠ\nVd6+ ~g!AdW߈\0?i\rZ4oB<HJhvK]7KKX\rʬXYBcg1-|?j|woNwbx<f䓯ٵvKqf/[ַ=Gⷉ;g\'O.x_N緝\"lIdb0O7\0(.~>Ot}i.5\'U[ʓ3!@<7*ExROjzF6m&KXu+R& BJP`@10PcgP_֥y_u)><i5\Zm= 7W\\z\'Z/_%׷cˣ_.t}o\014|a\0<o=3JQxyEc.~;Ꭹ	5M{6K̱^[\ZKDW$+Q.Ϳ\n/]Z|WO}f8Դ>ܽ$cGi~u_+鿳Yj\"4ۖ,VÌ\rUxᙎ:bpԪ`Zk\rOvZYi3_yj^\rx3^|EQxO#ɃQE!ٕ6Rkd;z+xCKil,uY~la\0`GLxtτy]7Y4Fhjroun%5ьΌFCn=RT恩qj})Lu4\'q fQPjS|߮Y΂տߡ\Zg?k]\"Q-E&A˨^:`m,\0|FO\\XG&i@}L~Y\"<u#v<y<?u#0zϏ-5&qxI%zByda`\0Ąꍇ`ۯ\0#KFq5*YBǧxG\\vj6\"R:X\ro\'5pàWls^82B6?\0W[±}TfKC\0[ g^eiGk~R%6lJVY#e\\Q]$?{uo2{;4V2to\Z? _kyL&KUxَn0??4i^G<mV۬H/LvQ69stoe*39.Uv7NtF7>\'jxSC<RV`!8L׊\\״_	?\roRZc{Sm췋OI#.Ѽ-9=Aa]g[\'}si;&	īj2G\0,Na$$Eqoqnw0q{scֽ\";ۨ`o;REe>V<j_.}u5Ա]4*/1ʓcEyt}y;(JQJi$m;_\'gf7]O-isl%7wX2ےJ~_RIB;=J&FSkR~R\01:)1m\\y`W\0̟G]k4[}\Z;y-rƤ_0)@|gk⶛}iݚ	\n>ˈ?1\r|>#y}I)e+6Vمln\rR-9i)r\\ҳ]?$~x#[]i2^i:lc$(R?)c\'\0࡟u烼/񽏄|Uĺn\0vچ_ݭZ;mUJ42aNT\0\Z wM+&xk:F/#S1P6TdW4>M{EԾ xwXּ]65ZZ\\q$JmQ)|ÎpiKV;JM$V8;Rq\\I[yYvSOduImƍq;]ZZ{p4̄E3Oо\rɢF?:3${{I4QA2	]ܸc#>ּUmai\ZU֙I@\ZRmi#iQ5Fxc$W/YNXѯ5+&Adu5n!B[4#RFw+`k\'NiYY/_mg~_Ԕߟ߱	sSi>+XtXHY6*fIa)+J<Wx_ׅu/f%4-22*Ѹ-?NڢEmQ.,SJs;d⾌\0NEZ\'\"ϯJs\n\'t\'cpi䢞O ޽[Ԭ<A߉oa[=j՗l<͡Ǖ?)S\0hb(|oxL7+y\'Jbi\\<5V\rŊu	\0?:ֺ/n+4  	&B=j\Z|,4izǆ#$\Zͥ<zTrL\'ڡkPʒ00MeEROTըM+mӪ}IbSvC)QZ</MĻZb?\'׵~Qa\0j:_ZxKo]W`\0\\jE\Z<*ygyKບo$|HWtx6$Q|*ZS	D2jJQO[W\0+\\Bd?ZjZ\\ͦM7$1FʼڠV9#7>&0|Hs\0iL\ZL\nI(@I)0Ϳ\r=XW;8-7>?n&\'6t\Z\ne rKAR=aw\03ťV^_\'Kq$WĪaoe/mahj(\0I%}g\0>gT־1x?Zm]^Ś5= TY&p\Zle8FUyce^8W/5\0CM_\r>5ox\Z\"/\0\ZIԹ+#Hb5D@F`3M<6$#Mpq4rr@?·Zi/ҬkKTvi\'uD8ϠH\\Y,\Zt\Zn*6;{g8x9<4\ZZ.OkJ*X3|9\\xw~+i-As9m䃷r:Nq^|vavg}kHI\"9#2@HuS۴\0{!x=X[G2^#VP8<{s\0\r_]SToklηS)26X(y5u:*en5o̷J2Wnﳹg/^9ZgŚ~k:HI!Rldf2~̠nſ.>\r~Sh~0յѶ@$j͹$cInFa{Bs&q^yf·\"$Gk(u܊Yd\00O\0׏?a_A6v=hhdrupyYAU+\\6rM{{7efuVGk$n}Y^#T+x|ecuִ;\nop&Hٞ\'dba zo/,<?h7ZpmJ5Q#oBWkոp~!\'쫪Ng]FSXk^>.;	<o@w;(6)OrjiQx>xRH{5WjUN6֪m;qgѧwYN2[{Y/ٯ_?M=ծ(ЎbY);7(S_~U_ُ0goڬeu;˸2?!\\=|¿/{kٓ<xO\"Y.a\0^<G?_xT|g5=nq_X406&ЌqZVQT2Ù[7>znZMky`ln4xh$2:>grO1QVQ,!	~P_+sqk|ݒA5\0IBP{^>l܃;湿 id\'+k:|\0j>YʆV{G\'9>\0;|Q[t_u\0eo7½1V[#_t?Z۸}1TKܶhPٗ/Ső[ψ\0$v1v9<tp\'+xUGQexȶ?&d#mJ	0|0V$#ֿh|5$oNp;}\nā؏.\r潬\ZUZZz\':&oM\0-XC񶢡c\'?f(V\n1CB潷N&C-BTMmv{E\\`0p{<WQ:E\'/۔E2:ձW4*W-ejèB֤Zs~#&RT/HJpsivg؞%𷍼iA|(|;W	#>`@=ö+\0eυ tX&rS?,+q*\n쨉[_\n~>PYMխ%SsK 0\0ӵoIlg8UC?9\'K%\0.SՍ$|tںGng云*k̪y(6\0]I\0Q_yj43\ZpQ\0qԫ);\0^gl>|EcXңegksܱ{y-g;*:gow6}).|Iq&јżW~ZrB.Ic@q\ZM]jOV3$lSg4{ZD6d*\0+!\\e33\0u&8ҥ~Wӷ9\0Z_	>su)O}j\naO1~l0rTOoX*k:Hk,E!yl0\0.\"!q%7K5_5 \rȯsh\r>*k~\0yh\nq]&ӧ<W.\0;\Z8NwZu\03oPxFuOih֓7p`* ZG׼Dgok-q9FHE;SֵCI\\q3!۹CYuBS=M\ZX`=r@L.%ig\03<Ixg\\vĊHιX)oPTz\rđi.\ZipbdmJX+}B,lFeBq/pH#Y)\\xX\'G3?3L\rUM_XM<KgxӼn/ RX;\Z%֥ink+w67Qیmrs>u;AoWD2JqVQKs\'4:1½跄)onoa8T\0.<?3F9;崸g\0YW.+%Utg?vyUh-=.[[Xx@\n_a5\0l/xO[{=6՟+7\n`Z?vH`ztVm<Sy>d!D`#.\rfRz_$QU\\MooMjD\nΊ\'sE	wVnBD7gEzƱT{G*ͷX|pzj~!詨`|أ`qy!A{Iڞoz/^ǔO=qg4	DsX\\I+f眚52C,d!pwz}dq\0l\r?񮇈|G;$?6\"dr}j+HI]\'\'ذ,QI>w;W;ɧWOCl\0\0?r\0lcz)͏ݯ>UZW\0E}XqbF2.=x\r\"-u6I<& RA;[<75Yu<pe,GDJ񛉣hأ\"X?\\]&􉮮532/u\";0Tot~jImc/Y>sZ?hJ$*)ݺG27Ut_46hs5Ӷ	Y>*ӡV=y~h?t?OQҏ4$3(nx^N>_¡Τլe_.hOzvjaePJJٗJѵ崍aRЏÒ+R>8\0Hcֵ>DG3Xi~eo)5*\rurfDH}H;zsޥ>.cF&O~i75*\0Q(rdF0Gy$]|f2׊!8a8@D*&y2=?Ȭ[BUgSsB침A[<Sl_V\rGr2VFIn$A?5/X>c++r:(XҬc#k^𾫧1̬p+;<N;cQ_n&Ӯ+avn*}vj\'7aF*Q_qkko6oǸ^Xys\\MGg5)4鷉s5rEdlpGtߵ-.7MڗR~p]v\0bM쿯UWb>[jDOڙZKgdwRk{EU8wtɬ.\n[-E~u/_CZy	\0\0b?|eIDF7[&$h@yi$II&YhzvfHl?m*HkC_QV_iׯ4yu2\rjٰI,\Zx&x\ZВѕfMII[.]\Zs;\\\'M}JRiwa~osY\0؉\0,Sg[WŜpłE?`?Pn\0\nĲj\ZeAkI>Eѫ\\,(S[\"*ǟj׎uM乘]_WEr\n\\O%hxH#*G8Rޓ\0|?rXPKuLdaj\rď*$yw4$̲Sk~!h/q7&%d$yZDҟ#KEF8Pˆ*HWU1hs]6H,n_ʒi}C˼)n\n\\L\"v\0W*E_\Z{CV[<vhA\0\"8]ȪUJH\0t^<H5]*DEl!,mtElKth0,o~s\'~.xGƺg/Z`O4ŕe]ȝeVHog~_6;iQ^uZY%vvu-ۋ{6tFɔ׊4joZͩh7Z%5׹Vʛ]-wpJ8*ǖ#s.?,lo|]{hzm^Ci\r&kwaah&B4:*ZV\Zl/hΧI\0y|n`i/Zwwvl*<keU9#w (@Vo|F\Z,WK/4kϲ\'nbY˓ldgKnaM\'vˢoؚdanm[ˤwW*&+홁r0q⟍(ԭDZiac̐vDO+n @^ΤS>}\nwHysZK}z=f-0{UyanR=w9+g<{iG$MfFX8THݙQ TtMy+g̣?5Ɵs+kq\ZQTKj>l@W+;IM:k{崚݊McxpC+`4W7OO=BFY3M3J\0sF8՚潇'),
(3,'Morbius','\0JFIF\0\0`\0`\0\0\0\"Exif\0\0MM\0*\0\0\0\0\0\0\0\0\0\0\0\0\0\0\0\0Ducky\0\0\0\0\0<\0\0\0C\0		\n\n\r\n\n	\r\0C\0\0\0\"\0\0\0\0\0\0\0\0\0\0\0\0	\n\0\0\0\0}\0!1AQa\"q2#BR$3br	\n\Z%&\'()*456789:CDEFGHIJSTUVWXYZcdefghijstuvwxyz\0\0\0\0\0\0\0\0	\n\0\0\0w\0!1AQaq\"2B	#3Rbr\n$4%\Z&\'()*56789:CDEFGHIJSTUVWXYZcdefghijstuvwxyz\0\0\0?\0#4r2y)\09<Pܰ~Eڣkc߄\Zů:nǉK}#OD\\F{R(7\\a\ryuWρ~=4M>R\Z7qb.;p0PTyq#𞖰>Ǯ}k>\Z>&x?z֓mQ^G)\'XF˶Yh⑳`?dcrɹaПҾ,k\r|hh6Ői\"[[PI2mlޏT: <DDm	$sN\0drC|@Ig$ij732	l͝U߆ bm,zcz@Oċk\0Z7ޗO>*5;8K2k>jF\\\0Vn+\rm<	olmG7so>P\"[y\0a2UAݼ	o$ˎH;\ns\0\\t|A⛿7~0B[;{%%$FOq\'̑#dmyPivgƶ3.=R;#-~Wrc$<o!8 yt5gh|vcO]ψ\Zō*R\ZeVh;}<mQ\ZI^ͧ>[L|3I(S\0ǵUN >[I/89Nr0O{RQۍ\Zl.ʽ:u#nEk\nd\\w?#<~uyUG蟳αm{V;xr\rd Gskñk^x@˖8ǻ?/\rZ~6vycKTP2	c3V`qʵ~rsX\\\"K$Bw<nsGRoSWA=eߢ1xooģ.mS_݅_ۋXeAbn cV\n]}L,0ģ\'{ī`Ҽi2h:Ny6(Rx.d.oȬ-!\0șk\0kZ]I3͆ȐL%`9\'Fx\0,/%O*j=^mo2h߃<3/3}].;+%\\j2QmsoCvx\rxֶBu@@gU@x^I{oM\rxxc>V(\Z9ZMJR̛̟hn0@Qrxzkﶸu;\ZXF6F7pzDe>/N%\nmuo]g~>4x4E}ais݋rY`p\0R\\>xXQ?y\"P<D#xf⽃o\'o[:6!l%;MYe..n&bB(TTE\'\Z8ea#l1DvP@]9J.}}WO_#XʵZNK]_xGR+),S2u<W+_@|e[>	}6).n|&)PXVrYȅ]NlM>Ih{9pZ>NTJiQB?A]`JT_P\0HZxG,߬½^Cگ[Op%a]Wo㵷!3z?i?r9c8 qx-~b;翈5n\Zͮ8Wq]x^}I属{z\0^us5)ogGIhcdv$<	~!V8MNwczz~By-Ycdo0\0{\'64i;IA;>@.@\'<N1Y|^U&~h\0~:h^`+ǳ<)8x#j}sἑܴ{C,!Lea\0qF+xmP_1Yytʕ	y>i\09vwk%r4Uds\nI>ye7!ǡ[\0vpд{w*y>\01_jqj\04qBl1灿य़5K\"{drQW9qwzg/ivheP8l^2tkϫ-x=Ϣf֤-6U\06ghrHNn|#Ec0۞#EZ?!]@$qӵ|\0JǇuM>+{gc	XS\nxTȪ8gQrS4\0	f	kȌ@E \nGdկu-RI7Tfi5oq%Kۑmѩ+6A N;W~.#chחWkpXyfݵIT\0s_LGN4ާ,c8I1n	egnx9n?{[]ı}\09͌\0G[ӿA ([Qw@M>yִKQVTjUX8*\0Ns[u]R\\!0PH1RCߞ\ZمZ\\YjVw{嶣cEqp3209^>/e&深Rf(>۟NjO!3nxc95Zkv?z(@XzYԂE,)I-{7H5ߊ0Wr4\0GnB~GH5\rc\\	vsI9\"@s)\'\0{H\"Էoul88%̓<2]y3۹{gTvcºe=5}l\Z;xP6%!x/I_\r[f;bC4R?=gK~[kVS=7ÜtZ5rx{mwZ&{q\0\0JY}2j4n޾~+GOяoցq|,Mnû\'W\0RL+4r`@p;#_ODw?cҏc|S;z4H,\"9\nǹ\ruҼw-?q{snvm2Hs<u&VUN̮ű~Q-|0inbrGbGnH qRRSn_k\Z~g;/4I%\\k|h7^j.v.GG;N$>Hq\Z~-)vGao,JN1\nƏft|A-7WsO\"X98$pl6>|+/Jt\0_G?:-Ǌ4=OS׃5.LfL#4	3(Rn?*ll>#.K}RO=#c$#=k\rMo$-uڪY\n;GF\0n GjojwVo-xuY#IMJH >V\'1	sb1Վ.\Zt\\ߡg٫Z?a4=Jf1x]7uAkk5a\'t\0ܜw9=kxF%mݢb.b]W`Ò}NeѴY]\0@}3?yXҚIW\nMCבڼog1\\qߊ[xRԴle5劌u)\0/͵mb<PN22	|\nKoi5ݤhY<Fr6R#v9sGδoW>Ans\ruymɌ㈖rbw.G|դ5?u3~+ϗ.lds2De\0%OW;N]x\0u&Iv\"@	7ᆻk=sqo0q8\\m~Vvc0νm.9*c>hq6v>\\|7;wڥj8noO\rxkKҮ,\0{\nx1G0c_d /8laU<ߺڣqy!ss)ԡm>oXX$ffme\0&EGk[Tcytkr;	\\*ɴ@ c0s[.ߙɎ:G7oZ%˾OYa,ڤ쌰fH:.r8=8š\'k_\rxvsdn:V_\0nCZѩYefgV\\FS2G=дaVwp$<m9,}?{OD~}c>J7yw;7\"ۑUɼy<z+M~__jI6ops;f^OFz={v>-tx6i捿u\0=_!I\ZC4@x׃KQ8żK	5}__ǫhv\0d6Mirv=k<k-wJw?>>ʪxDڧYZ|-Gݍ~֪M$[=w*Jy6rPWr?><gZ?=k+z\ZKsOnRBkI|ͪ|M>h/>\'G.%Au^x*-aUՕ-l>>?f{	mF0#=:d~Yxdr>>hJ\'xvqIT;zu׶xϯn:_ÍAYFX®2s@ƶ,<E-Quy!<U,X޲eH烞;tƥ9EKTqh-Rr\"=rA?XWGY$H|`$ܧo:]\rc.`\'zh&6e`}#v9=*\Zlňx\0#5_FmFTw&8q&&+e\0wQ{0_o/lUiR	}j9#EMEX\0x)HpU|%bsy9s\Z~rfMj۸#\0@<k?(%QĿ[uHc$Gz-|{B\'#|^jw\ntPĿ&rִ{<.(O+4\rQhΙy<,Öe g$\">[^C2X@hn# 휜s!\0!͚g~!_}ayowXiE\0A`F#h>lq?.+0Nfe3]N-ms\Z+źDeFXg!]mi䨮M<H\"`7Q@=\ZOuZ<kFszcph\\jV锼7f#xida&D\'tc宩ocǻj$3UnI\'X~8N&$6o[y;IX=9j/v3wJAd#46cbN`vG98(tx=YqvM6s$rKz<i(~Gfx^+*vV}[}H|M霉fPO}zm[Ǻ5~`F篽w2+m-#[:ĜՉS^G{XwۘּN\"ZmIAhֽ[~AbwyMx]\0\Z_\\%\02<0^KUfX1=O5b\rv[gkoe1>y\\1\rϬJU((zіHr΁8@>fcdխ.z_dw*u_k|!zb&U|£?Nk\Zce\0Y8?޾ߒ8c3.`В1lK30v%9<wѼ9|q&(T\\o-8\0m<:߈p̅!+\r`t=9zXdmѳ&ͭx^<=HEs;ip\\(¸b6,prp[|CWKV8^_JYˉeܬ$N\nd?\0q?n主7,|3׭*KVaQb=B塚v=Sr>澈=6yq0v?N[Zwjs1P\"8c;0k诃Z,z|+gvCUvcT!O:vڧ%\0\'x|Q㦳~ofNvHXO55^ݟhs=1܀<rg\r~d\Zߍuh,vI;fak|+n/\0~{V\":~*H]on3>Oyn\'UxUຎr(=\0oS]oaM\Z?i$#0RNz`ci.5\"O0grz\0}|GɣC2I岪6>#:u`ppGzU&I|U:Ur]dӌ/BuVd& RI79 n^}x]\'l58-*1]\0+z\0Gux[؋Y7n@\r4ܖHsqֱ>%iv4gn@$qr?xkzU)QMq/	|;kU.u=FRX-B<#w\0>s*o*;ky8RV=[nKǺ^[H\n9:1ǉ<qgGYuӎ{p5yhy\0+ӻ_5~\Z$s1^5[[HeORMv\0|M<[-տujJ#<+k쭵AU?9?zn5Ab]wdj^/Q`Lqr)W}e#|[\Z«d3yF4=*xZmR8摡rqQ\Zu V3ZMwױ&?(&6Y.?)TM7m(\"N{mpChʂ\r=V2^t6,wl~\'i<Ǌx/Gݟ\rOƬd_A`r[:W:*^9 `YK.%N8#pG|6V*Wn%H0z_7jK-i.|0@ݴ+=s|&\'{_(h*v=[Z7vzMqTf8OLFzzp}Ꮙ><?G8!%ps>b0999Е{lOIHh̧8s_?}\"ukkHHɗ\0{\0F3_\0aԵM?U#TjvX\'O{ÍR?]jI%LVm81;cꪧK~q\nTFchZc$sِ\'\'Q枩J\0̳&sKO0һ)ň:u^ڥ۬e$\\S9hn˙yb9S\0rG\"?>匡,~z}hz&Mi+m!E+*lo;	Q̏S?|Sy.deYu<xᶻpeT,	˖Qߎ>\\rk[[#nl30FHQq\\>nf}2F,\0]j4nM>%cs7Dv[s#|_ǪY}.r<ΠG=lWx36Nm[nsᎼg>oxmeUV$O\0YЋ5Hju_6~ҦHHSb#>OӊO>/T4vݶ8zkoŷڅѳYO|[}/ö32=?gɲ=Qb#)54sl6#m\0֫Տ$7V(b	$|Tʩ\ZCۯ>Ӽ6?C5}n\0=ź7V$Y˂ \0?N-4;3,1\"\0:uw͵6I^g>ĳvɟU}>\Z8SZ%v7\'v+ussFi؛K3s@\nS^:fCJzynDt}QǠѷa{99]7k;?̚uI)N?.H$\'?k|KWRX.1`9q^co9\Z÷>GN2s.5-}IT/T\Z4*99c\rjeok/PhVygRCsa81s_2^1s!o|c=\0\0uӀEɮ7y+{o<:`bc{\'>(ͩxO6Fq[Qs͹~Ӵ/M[UD\"\'+\nGl)<\0c++!%P6\0컗 Sd}+Œ7ᦥsjd}C\\E+Cۆ#.yO+4IQt_yw|J[{HUvp>UnafhY`s\".oM2rT<+?xo_:kx0\"m\"M}: S]炾jԬ_q}y.y:zLe8fb8mT)ԓzo3a$c\'}.\0<#wً{x&7k5;AROmwZeO0}pJSR>YOxKmIf,T]7h# nފH\0 `\nSڱi	X\0`r{~?ʳQT9{GVC\0i^HDi$h7nK\0r\0z˿Rkze\ZƫAз|w<W/ax¡e ~=Ǩm\'G`|\0\\KVgeJ516RѦix6l\0cԊ!yg6Pd\'k1\'7\0j{\nK\\02_\'tL!oU\'\rgg\Zn.rMQiӋk~g˞18[Xqej9+ךΚfg{yyɯ\\\0}[$J8U˥j4$UJc\"\'B[<6Sq{u|;k#M)IC^߉¾obHAfWJ@,f`U1*:҈Ě٣c4LǮrֺ(|VRsNҌ7IҌ7\0oJU%O&F(氂h#7#Z8j:٣}bppN;g=N+*9$:ksq+yBq亙^9PS|g~.1̖>u#~\0OBaMsY_8,`y$gߎq[Ętlt\"Jלs:YOk-\0eOjWS,q,kzᱞ\'t=?\Z.<	n[ɮFUFGOО֟ioNfF%N0i<ULek\rdLfASa]JO_q)R$ph+Rol\0/R61k.h\rљW-ԭU?{e}1󿎾.xφ?\"4pq\0}Z\Zj\Z..numHbAp1ǥtTT{%gxESWzMhJ_3ZHt:MžPD1̞Q+Y4\n=scOjN% lM*8s \0>K|eknXy]bsWg=2bWE:4m?UuKd&-2ޣm뎷\ZuƵtjZ(ذq`>⟉ƽ\ZZhr<^h_\'kGA0\0=΅hSxxFU*.o4E}\"WgUmoWp:?``g۞k#$g73s+y펃zw&,[ؤ|3FY:w7ѷqO( {z|ѩ+-\'iifu}_d!$m=k_tlo.V7 \0G+J:MRH|A\Z\0x޹]k6[o\rl5X>cҴv=Nk][Xx;ڄ˚Y088 חͮl{OZ33=6: ?{hO_ΰ.\\HdFA\\U+=}^[ Y7?Z1яoֺ?Z1яoրhV=Z?\n\0kKFkf[ksƳr?ɧF8&L^\'V:Ox=>\r|s3I#Ƨjc8{Tkick{p=6	,I霜m<)J0Ei~\nU\\^Kp\0?(BI_z[mg\ZLI䓓澌u{\r+C<ݺWӾ؋\\\nsJx\'6\0YBWo4}~8ՙ\0?ֻ?~YXX<,yccF?ǹ\0|5e}#.ykg\0).*\'U\0.wHQeA%@+^9{\nj\r:69s|tk\r|4Ҭo-[7(ܑWF1ugSG/Nm$+k㎝6x\Zkv0tc㜁=z5o-4j	I62O]<\rw\0+zyH@x>كUtT[1`}<Oԥ-	1B-梓\0e\0=ݸ@TUox+x$pޤV|AHyǉ|UfKxyY	\0zU(G\'爨%uRk[xu&ceRU+w:&|.dlPM~]~XWx5ʲ	pMpԩmgI}BFz,䝖4Mj2I>Ǖc\0jBa2cH=\\QnǱ*oױ6}\0J3Q-wxg>\0[m0[Cc<EVrU+[\'}iUA<QK9C4TfFO(Q̍9]HeV}ۍ:V*;}%oV8s8]&Վ䤓Ƭ58OcEhS[S-dݕ+еI8\01\0uY\'\0ZÖp7Pevַ<YrZ5KXGN8rEtJ-Ϝfqs_c#q,jVaNOlu#yv}Ecj\'潻\0R뗍$G?,gϟk0E篦Eqgu<%\rkז|>;d5VYOU7s-,yZmKV_˶tG-{-t6+i5Tfxd	9[)L=&hJȨd\\Lqcta4\0O^pE$[?f@@8)oc*ƕcnf$֞_\Z\07o9g,\0I(`vGoKOlÐF\"078y\0¿w7Ԥ..\"Lno@yp;Ӿ#xM!k8ZeϘTr@#繮;TSyv<,n\rCoپBֵ6kKPh[cGv2ik%}n̑tW>.&\nnG_sTOMK606}ϧBG\'nar8DW:r6	+9#W\'O2HV]Jpp	\0UP.|fFݨy\0톏E|iz{sכ8_3xT-AI[NhܰqU`M3uD6>>xc?r\rsc*K͞*stɋag<UuX4#6GZj\ZpyIӄĦ#)Ioi2޴f37\0&Zݳ=.xRQmpHchqjife\0Zs0eOD/зEU۟Z},7R4ѯ$Ir=B֭.эoke@9UG:lk\Zm˯{G2A-zZaВ>\rA}[y&	?5fMY\'OJ2z߂Kķ3RNO/&.blG՟$۬1F;י{US{iXaG-Io }W#1<T^WGߺoϻ;\0VP]q<K$,s~Ob\\Kmݖ!K701\' c\\V?ĭMq6#RP1vkE|	E#ֵ1096TaR1w]=NG]C>:Z	$\n2ULj\0\\۳2])o}G掠<vC;AGFfI$\\*{~\0g\Zu*շV\0vTiPUV˹=ߏ/kK9>k-vd~\0s}kt[&G9ՏO5LDQn:\nƹ&~v^ԓ]x>F~6&t\rדbM:H5WFJz{}jiPRE1`|&oqkde=\Zh?C<y4ᣵ;x\"}_Wr3H\0<\Z|<װɃ1gfchՅhʪ՘PJQ\\TzkGo-\0Q8k0*H--\0ZŲ3	VKX\0gȕpU۶Ջ,4L0ڥ=͋$.%gka$H˽@ڠ7L\rw_ޞ>,V	TQL]Ã=&Bۭ4\ZiWpvքvuU%,q\rǀ;Tf6)oʼdV\r\"HtKҪMٙԓQw\rWEBF9+@VvMY.چA9u\Zӳ\\|WtOºDu:K7n\0U)W\rq9_4Sgf\"Jb߼tշ]8..kv{q\rtCm>;Y]W=oz~vnֺpҲhA$.ħ n;Ukдo߿mKYin9CǺIf[w?HQSrM#֞Ou<M(\'ozV&_VWgo>mohjP\"MaKeW^?RFedmBFFߙL$Wx&{Cuھ\0&uxyh#v$I8rJr	ccRڼeK-qu.^s\0AAi	ojR3(}K{\r\r.mBK;%Np]w|paFt#-|L(_i!mZ!r\0/+`)SsJ/o[ѥJ\rv~H\\00;vr1´\0Zܿ[. z3ҩi2[H[QK&vd9߄xͦNTD+\'ڂncs/^f6K/ӯM\0tf|;Rێ&]yw|O4{3_\\HlH[=?3+KXm|H\0JVעaYsf&^m2dk?TEԸ\01U0\nGoc\'<hj\rj\0˯cpJ4$YZ­$O,0#Pm%Ăf?r>\\%U\ndմO%O\'W,_lӑv*k0ko%FxQXy\\%ӧޙr:4^*}T(O_UU;Qx\nSevNF+мA(Ԏfh@֥@\0;UCd۝(X-ʰV3ʍªש\'kB=/}6GQ/or|q֙Ҵ|Sw5h*ͻ$\Z=뎵Vfzl{p}SF&vl>i3cYc\rd\n]_MBn,^hD?ԑf!UAq\'hczz\0la]֟k\0	7En:3vs>~W\ZNI5K\'\'hGW|ppsPN_#iYRiEE\'{\0\Zٚ;;Ym\'Zt43C{ț2{`׵?>I4l5W20` _[kRthbv\0zF?[bqy.Z}ޒoӷW\r/G.&$mKNԭ4ƼW4ȶ0E;`6w.ߛd3ROin>)Sk(6r5C\0hoMQ 4E>Ԇ*ѯKc\0D:n5k+QC<OldK*~Jx;eͯU\0_1FXfhNT]Y7]ּzv<_K7-}JG7w6!-a爠)fr9c\'[Ρ_\rC?.ד:C\\]8\Zv\\mH0#ڪLH\"/߰4?vW|mK{@L̲^][EͼJ_2	IfQ~4(\0Zx~/^3l¨ݮ`;v]}v쿯N|SۥmwIt8S*_>\r^hֹe\0)I>Rhs8,\'j_\r	׼C[HFc,$c%䉗`P70(p*\0W?ijڷZ6#{UT΂Y፝U=[jmK0JZw\0W^ 4-q{6Pi# rUA,Ro)\0I _R#Ԋs:vfm;-Ck=\n5#5wRX\"ȁԁ#dtw\0d㻭kHƱxiD̗dy:$Md,]U\"1?V?SWXm4\nk槣Y]d{KyH)1!LT??SP-\Z>\"Xj:LS,Js>6YQsGDizwo/VqʦiJԨ.k8߬wDn~i>*񍽦6kJha$\r`G#q2Gi\0&⟈!x,	Q\\cڻYwH\'kb<ᯋ.^o\'$r_rE~?V|i_<E]2Dk.az}e0vg+7<^R39uk5{}mfd|->>ϦwT{+԰\r2,Gzg-}ޱh]KLTHuDQ`+냙x{q7Ϛ7G:\"ᐩܤpTףI2X~VZ\\Z,:k0$\0s?U{릟:y\n7)&r~x{?\\p˘eYdaB{7-?|t\0zNxf{;cH<y)㧣ٿ|)Giv\ro_i6Yab \0t\ZJ_\rZWZXxy1-Q\0;jm8x7Q&qʦ:8	Ս?ީ4qU,\Z\0e_0oEjZ?t{w.-\\`,QyFK)i$!\";V7>`o^j[U`e+h*`wx5~>2[:gԴw6eQFYF9# ߵ]ׅu/ᰚiPyec͂\rŶ*+\Z(r*\Z(>K.VO}5\nOR\0sTv1P˻j_lcI{B\rgXZc\'&B\0:T-ό>\r0X]ѕ#Xw$U\0j lP4HvKsa߭qt]\\Q5iwEVaa##+ ޾49GbacH9:<pǎv?Z4qH,Nk-|FYS(\\>?ZArêvNUL	X?*RKEK)YίQM\ZfEؔ<hcBO7{T_Z?+[.RI~k%6i7&%vI%Qu\r+}_?$7;ּEo=V\'K(c\\PK+>bXxv*OPv#	Ud?wͯes٭[xd<eo.\\OAKOI+m\0eY@|v+*(+Dß<$7[>\"=˧p\'\n|ymkڦouj4/:M\\r$!* 0RCj3|`VqȮ/dKxc_KwiZ\"Nq\ZqZ[;[\rS-J|C+[{܆/_>mţֶr^O\"bm٤\0\r>.|=)mu\'ty5_[˃q[	\"- G*$\Z$2we_+ᬾ&OOvKx̱\rVG/d{nf\0T^)\0x,_n7m.x!K6	\\\\w-Y\0.ut#	[&ui|v:<fյmJ[ȯ%{},Ѱ5cϜ\0xuk.txoPԧDE`7*,ވɶ	~M47mNe$]s|e?gޮ\Z)`Ӗ@+_	xWU\'s\\*nZb4>h[\0)\n\"(6.\"#ӽ_#4⾚Z7Z<wL.B+2P6w#8ٵo7>6Z.XKuY-Ғ(I<c<ʘeY&Qn%v(_E62MIk\"1%jac$ܦ=ܗx;\nY=C[`Ldo5 AU݂a*FXV?WU<SiMIjӧj-/v֭7OPGIz[FBĬr~h:~$}/Rԭct\r	cnE$Q퓊뭾|:3<aŵoK+2\077@\0+V%n&k\rݘ2M<1ZybFh읣U.{1\\is{KQE]ߪG9D🊼	:6i\rĶ&4 	3rP,̥ax_3\Zͦw.4m~8к@\nJʩ\0.|l{o=2P٦Hp&]͹ګT/6M\ZaNʥ(:GӼIqkIndHkf<8\\ۗ5|6IfC#Ԯ\"lk0!lV\\Y	FqC(\0\nu0SRv4s({4۽Ww	;QAU&$wqGzq@煵MJՍK4(~mu/$s]\\cju#+[\\\\^\Z60D@=Ek|C[;ui,>wYeFtDd]vⱍ6־1S;~Fڥ\0nc^@ZxGv+	?Jo\rjq1rsm]C8h:&1BLqX\0E4-o\r˴4\0vfs<pONqVUʓrWGkža\rZۮ\ndޭݏ==tS46*}@2шmH	\0:\0fKeOr\'q7D<0;RRG駲݋\nMI(cU[	ǀ=4&+R\\&a]\'&AS8*/aq>#ԣgq  kT#J<8q>w~㖒kƚilH^]Te/Ổ\"729%q{R˯h{^IS\0\rj{o\\nB?6V ^>Jkm_z⼩.uMJXUuMvߺ=#_<+ቼ)ZGi-k3FҮ.$#q>?^\0VHu+\Z%$˴zךԧIlp-~wOpN_uxvX0w\'Y$Z dvA*q&^gٯEkF\ZZӗzr-{EhV>\rM?w7m\\+(en-ړx3\0Z/P]C^!$wn̏)$3#2<楖n<=4\0VK1\0x\'\'\"ޫOX{p	ܷL2`0+PQZk;!9&J^\nks[㯏,~$xM?^C@tćr71YAAvǚ)/\\.WQm6]D-ġʕ*\\0.Uem5+YC-ͬZ+d`\"җE2Y!]\Zj8쏞̳*ؼT5`_-yG%ٍCy&F\rnN22ql֧8~+Gch\0Woڤ\ZKqk\\h#mT\Za6m8<a9lzx(ov>)E2KWgHnc<̎sW/,e\"hYZi%rUWh\\qh4yt'),
(4,'King regreso a casa','\0JFIF\0\0`\0`\0\0\0\"Exif\0\0MM\0*\0\0\0\0\0\0\0\0\0\0\0\0\0\0\0\0C\0		\n\n\r\n\n	\r\0C\0\0\0\"\0\0\0\0\0\0\0\0\0\0\0\0	\n\0\0\0\0}\0!1AQa\"q2#BR$3br	\n\Z%&\'()*456789:CDEFGHIJSTUVWXYZcdefghijstuvwxyz\0\0\0\0\0\0\0\0	\n\0\0\0w\0!1AQaq\"2B	#3Rbr\n$4%\Z&\'()*56789:CDEFGHIJSTUVWXYZcdefghijstuvwxyz\0\0\0?\0/,oKK79p=6wlRC|V֗y\r7NTc=SZ×Xao&X$t|=?snWPkp6 eRy|o\0.Y[|:$|Jba!C\n$mTc88%Hݦ_2ڶl?rp1GǼW1I0Fsk|,xMf{]Tuݤ]afv?A#>	Y]YIc]#&;n(F\\oZ(򪏝\'\rs\rOk4v\"\"\'aLrIW VCƟ\ZImm7þ!]+rE40\0X6BR\0c?Ԭ|3}ce{ukbɡ4;b3<pnP\nI0k\r:վ[xp!\Z׈̀H{ YY|ec0zp~#Z86)Tk=Ֆ|ρt3${:6@?ϚᏓ4qc1ߞksë?ZV颎).#*	ފՉFL .v?׿:pK!8eĥHT@C~7S>\'mc>)9rX>tDkhqD=t߈&%oic4+8\rs#iOx~?\\xzK]Mv\r4/x(1b`79&,͝fyw$srK1c>7\'\0}\\kcF4=WNgoctai۟j<{9t.ɺ9$m2	cAGPΟk6\0mTH[g\\I!E9\nc\'g\nLMs13#+	Ff;nH5f,z\0[>4ﵛfښ{],@B2zkƔGn_,_ָ/ZRE\n	yT$*afl~/h?.>٨ZI%(\n<C_6IU(~\0=ˈꎓ_lSk~hj_\0׋7y\0]\0J2;)4RgVD_zt]reUhWWţqhp>%zǧWMO!z)TFu?VO?Z\Z\\ܬjl5m1]d\\+eȶzt/tz^_VkiV\'H 2T2|5H;luZƩ$G3\\i4v,.voI\"JEH|!WVC}~yb?zc>*فg)>3w\ZO:VTY+*d:k:6qQ_1[~%$9?W9ϥv;_Un6@[5jleNZ;(~\"Ͽ߇K^k\"oä鴫+x\n,	i3G;/Geo뚖c\\jjz֝yv\ZH5VQ*ٗ+M\0gZBk15W-m&Q9$P-+(9Ry\'\'WK{(x>A~>hg\rP]ƧuD@M>t>)h542τ\n)߈~\ZWOxwS𑵃C<H$LwYfxafNw_o><Ykq=Zi\ZMyj]iLiu8D\\\0oٯ~MKź;[m$ѿIY#J7\0n-՗72\'[-0ͭoK~>#jnxI5*3/]iv6\\ÙZo{-,Ufӿ\\5Ӵ	vniۮiL26Ǹ87.I\Zڿ޵X?wx~DԼ/=:=i67i\"}.e-쯼Hw6&_\0Hs~>oX\rh%YӀG7W\\\\ۣINFwaFrowyDR7>ҖoyNTӖM3+;k0,m\Zl=߁hSM0V=/>\"m+.Υqqc6q,,H6S\n|AoNtcMvtk9gYF+vF~HS|G4]I̗s]BhM_,m`>nXV!E?`pj4W\0$}A\0__`𞁥,m]E-FffbgHށ7q\\$vM0[RĂ\\.|vs	&++t	m6cK[\0h#䯗24(G**;ebF=MjkYaV؉H6EШ(̿;TZt>-$۳k|?2a\"{qҾi2[ccN8T?:\Z2c(,[w]־n<3]:A}MrH<F_R\'աmW7DٓTOU<@+J}&\rOjӗ_o#Jh-ä]Css[ڸBN`NgO1|%/-<YZR˲a+2g|۠Iҽlai)9!cd2qw7Z->*XzRmwwQGqpYR6B4\'ÈS#=N+SC$:v6VL-qsyy84FTն\0W|>}\'JQkڻB2\'\'NrkϼWe|oZRzLQ$Sbd|\"sr*[[\Z1x\"n%{ۣO:}K1]+0<$1<6\0\niG}pG\0<sRѤ^|ZUFMGe8PpbY5:4i	\0OO)Ώ%ev֦D)bܰoOG\0oMvIXф f<n8`Uw\0ԗK KmVcޫ8Z20$d\\gΏOyg%zVWIKs#mK6Ru|)uc\rF+K)pL;\\+}rpӥ.h]LUlU>Y5uSBMCOˣ.,K$p3\"$:|0zO+KTm|Ӭp%0!1!BH䟛Z36%K)v.&`E%H3FrEKlMgā0H;8e*\nRW+w>M3G\Zo\\=y\Z&+48؂]?+еUѼ1x%oxV{sX(Hҳp׋?_mmc.g+!36\\m@\\zEZ.k[_5@;s_0A(TןR=<7nվ/,9GrׂHnnvcžU?vWr\0MzE3Z]ƛX\rAv	#Lr	PȻC|u`~hfK++A(YV9/n~X.vm0\n)$s]^ՖHhm	1ac\"=IOIP+ͬ{4mnin\0CuEv\02eIarʹ%\Z\'<9mw+v[R]sy\0.~b*߻p.aG\0$\0F毙SU=5E8rݴoERJo\\?yfTޝ\rXsm5V	`gqϷh(ּ[?>}oCH6Z_}*zi\0ifbݰEݟs5P4FϮ	<צ|<sC?ܑ}W%;?	}+ўEEhjkb܏|;y.[WPxRXƝ4$Q,lm\'r9:s[kM^U-P\0?_ְӨk\'Xl#<{^ҧ{y#xT\"Kua\rĊL<͐8rrxWt<KVy}[;N?t\'&3c 3dg$:SD4*pug-GBq+ݼs&ui4R#`ʦ06XhRs_%xS\Z4#\0?*/qh33>d\nRoGk﵍&e?w\"øڅHl|>~ipV-:s:u#c\'TFkļvV[Ͼaw1\\1;{|tKXY}K7Wf\0,*m\ZjQ=\rXjU諒{y:853R	;dhURW$*2k#mZwәZ:[f2Wc9d_^|4\0}xN/y/j2O{$z}v\n=BM@ 俴⯃Z5h!ΗA-&lݸ@ʕHڭ\\_=\n֧/Cd}>;#r4ܫ*,w? `S\0/AbTZ<LncyGbT\ZW1Tn.cAnDФaȐ/)rCcw[\\Mg·<۵%ˌI]Wqm|tz_CjsiwD-E\r9gy ~r2\'<Vml㸷]n-	pr\0X~Z|zW4!P7VeyxbAݹaW#O9O&\n>\\ǫrO^+Ɩ*<	A_j=/þ)n]6 \09dǰNӊ7Qk3]¤\rÜn^\0oz\0Kn~Wɶzj/BVq?_ih~c݉D:uN0=WiX%s xzi\"(uyP\056O$wwZ6.{/<{\n+ʿ*XKwWds\0x?0eI]UhֹGnjp|fwF2s:RPGvn.:#܏^W*1wAMlV~r|+~#$hۢU]1Mt0nT{W3f\0S ̾G֚S4~\'rl	qWI]Y߽Wx4|I$?3G\Z@aWӟ4&~qrQ(jN1\046q$iW.ZDu	N~Gئ̚1q~\r~~~\0?J:g?Y#V?-d`}C%Ř4c>PAgo~UG\0r_㽝ƵȦ	F6߯5_o	MyA[\n|.<\\zu_BO_?vGG3ST%ԬԧRU+O^|3Q@nz~\06>ǩYĪ\Z?BEPA\0̵A56:|\01q	;E5K{85K(#M,1MGrʮsW~\'*r+@޽s^] w|=Qe\'B!\\H¥αgkq*`#i䑌N*#<0gncX\\.y\\)I;v=jɥ%c.?.e-\'7d~Z_R5%^?E}\rW~Eàd|7\\rONY׀P%ƺƬ1=2O_Fx3뗻I_Kz1\\}NdR]|_}A۵3J#Loۀs:gS][۶\'jqͥsZkXMsۮ+TԗKw\"/-Zy/9j~!𪃻Z?\0d	w³<	[n,{m~O*Ϳc_g%H\Z3㧮3Ep-e*ؘd뀫נC#r1#ê7AR}їzU%V54_\0^x@\ng`ehZ;ߙ3]<Mb50۟3 q֩>ofu>_<+tļ)fς:ŵG$\'#I<K.\r$ob>]rx_Q~3\Z^		fsz`lJ=sӣ\Z|ڳ\0?{\0.Ե\r\Z\0>M-A\'O٪[i/دo¼EAٯ\0\0_%Oÿor!U_9AJbFvg.?{rD\\09Ry#{|;N՛6sZ?XV+w1/>\Z|Cm[_UByH|k\0Ux#}Ft;9vIko4d {IUu݅dZv>$UIYRH6A\"PX4l695dd=̓i!6ktOrJ2&Fq47ͪySZW\0iRcPKm bHM7O?<|Xg\rǫIq-=цQ4[WmjK?\r.Vn@I\"Kxv#a]i|?\n9(7UyBCg<\'&bTlDRI۪\0ŧʯρt/_A6y-}2A*GHNk㟋~2E@T6cMH\"#H`N7?q~Һ7\0O\01X[=B$0if8xPIf?V\",\n1c5}.Wqd^g*e(\0woi>]%	Lգ/   |R<m̶sL1aے}k\0?⍎9H-&ڗl^O-b@I\'A~wed\"\\>-Ƈj}~\'Q[~jigKDxn	uf>#/2\\sy#&X(Z3|S=\\vyw|Q~^=ͣʫ`׎xŖ_Ka^z=^Mԉxv5W2U;\nYjdUY=gL$޹-wkOdPy\"]o/vz|IȬM#<׎A힕p>oJ>	oK\ZIg(o)$ՏRlz]33K4;Q!#l1ߥ{{N  |ãx,|V݂ǁb?5\n<gs\nim\nkO~`7OL߁\Zlbcf\0Cn}+Vu5͍.f$,2}+=BHV=Y\r??m[o6p_g-@$zAq\\I\0p~hcetyiٞc7[?F?Ϗ4i\0?~!qh{rirUcw+t Z&\0	Ein\'-chdC/JTk[ߵ5\rbeF7k,-!RQ^.ğjv$k>e*\\Uyoé۴5|R._C{#|uxO]b9-FI7PXX3ʂp]O/Ge6zQiooķ/uPkj\"ǀ\0U#_^)ixf/musMTbo\ZF钸IDjB0$oZ6~ľ 8]Neu1V;y!k;+Lf^+GƟUcPƽ\'qk\r/&lfRfg%r:Xw\" \Z\0뛥h8Wfs]G *Q283dOn ރj&EMy\"BK1\0+02FPǓZrgos%?f6v|$_*~Or=ΊNWާ+/>ӴG=փ[٩\"*C)5`[ĭy\Z17%s򺱩~*x(\'<nǒFdw$\nʾcl?]+UYJx=+|CU۷v^OT|8g{%[#?{m5ԟ3.&1s|tsWZM={fEeٱ}̝+vtbc*:knuqEPrv5]{5<OgYm\\*~|{g!;DqǪ\0٫l>U_Z^ }w4:|zc5ͩ΢FOOc`fṳszOnzӵq{`rF,2_2xK:Ʊm[\\̸R>]-ҽO|]{-%ݹWwB`#A?ZꚆTq\\Iro<׮Kͼ,keS^Z\\Ixj\r?\0h=w]FѬYInGdXaVRe#]Mu>w.YrcئO:9m74G%X\"AwZ\'|%]iq&By7\02N\0~⽛\ZW(O#%X<yO^6RYU\\ĉ*	񭯆u+ȴg%rK,w\rJ	aHUc3q9TԚ_rGe0:/^<!Zo:OMo,	x>\05ֻIU/.&KvT5֗x^MP$PuY`<X5ߊzuV#;6$8^9{WTRz#Ӧu?W^x?\\ӭc\0L̲ \"kߴ:Xy	+?>+?\ns3YP/Rsy\\gϷ~k25{b0deh2ܐ9{)f**8\0?V$Ы|O>&ٙ~]G|W9ՕY@\05|V׼S@m׆,uE]>\Z+d7m6BI8O:m+f/د-G!{|V_:p_4l<o_I\\bKÒ!=yo.I$|yTVVq_}oP%m3sWRvMkBLVk\rCxgC;<v3X\Zâ/X{\"HΣrҊźwG=hL%YMbY^=;Vi\0(\\I}guA~	ͧk73+vÃ:ev^.,Ekq8x*1DPod\\?@\n\0\0.4 ?~85Xf#S6wqk4)KVdk{7YxVtk4\\ &Qa?2cf:.s151v8_j2x἟V+m0ۦ3+so_X~MΩsXL6ԏzI\0grk\0e\07MFxgVݠ2ݪ#e$mAl;\rgh+;)uԒ8$xc[f%e\r#Vz#p!Sx4W~z7\"oz\r(EҦ+$ql-R%-$fn.>5OV129O>\0èO8TVnAڤ12Bp@xP\09eL±6㻏LWc}JIkuV_*uѧ;Sxw_	f\0,Jdm7,mQkvHIueRq$S$W3ğrY\\;|o^3\07xhnh3[`ӥy8-6ՙq@𞘢H%mF/ǽmr0Iٻͭ^$y|1l#soGGƋ6	 M BჍŀº9?מկ%WM\"4H\"<a	fg vЏz>u81_=6=:}_}-} uM7PӚCK95vXȔWwIWUe+p\\x7O-]\ZI8+c\'ke_ǭYn$>ZHUU]KmoLck\0xjEi\\k!C\Z4qRǕR$|+yb*Mѿ4w\">g<kVY\"3v*}CUQo{v>usBkhy̑jqswx4.ߘg:Yz};ry6[4q\Z*8GyEXl֜W\'&øԩn\0]d,G=Oj-s*E8v=IӚITm%\0:y\rQw.۟j?^1ZAWO:KQ!a7\nH#=x6O\r}]cSf]JerSs \0xIB_]k\Z;9G\Z\"bIX]d`e^wռ7WJmCNo^-naF9|1.2`g8`r椽xo,8#)}4}\0~~	zqugcn\'\Z*d;#VfW2cF\\#zg\0G;\05\ZŶ3)G,1́$</{JY٨[t88	+1~|nEº#k+MCRt[HC.n][AF;P6ad&?4>j-y+t;ov\'pֶqQ*mAF\\9U\'2|	o$|׃d{EiYK1WP333Z\0VVm6뺎K[L#ҴTks<јt P篶k3h6>#Ӯtwta_iG<|1^<KK[8ڱ&*\ZRI7\n{=Zq-SÚ5[k=nRԭo;94eQ]Tn>Gomo1aC ^9֪_4cTԮ͖n8Ѥb9T<\r}JKָV6\\	l-xϚbVnUEcASK(~!U}o$Fd<x.>#k>9|;_\\o3\"*;lY^f%\n\0Pr^&LNKܤd2q?ב\0g߶%hёH >*iÝѧN[٧>爾\r|H4]CnZ`Î\Z6]g?h\nu/^:Mط0<q)Ү#Vs`c@dݒ6A|sJhV?oLk8qskVk\"Fa#dm>>iI DICG(nn\"RԗtsMөW5\0O#[>2:ͲkA<Z&pAVo/7v9ǧum_]R-6dUy%h\0Mgv+~}l˸qA?_MVz_>*yd\r`I~˾C`B\0>j\ZKF8ׯ^\\wpz?U<Bљ7l\0<TUˋ7fܧQ}8[_\rfO}نݬݰ^ί20\r\0	`^l._&2\r\"Ug95rmq:;x~j>&XZV$\'\'$u\0gWM5頷[XM%op b\"\0s\rZ#$q \'\'GG͟306V4۴3dbhdRJQT!\0d]تt?4z#:,:|ݿ/>sBԾm\\zt&a*#VmvPcXƬf_Zvl۱̱[1RXWV\nH\0O,yiZ9ǋ䋃n(nϚ%0Ȫzqc6ig摻%\nI qH3fqU]Zo2C̷/,*Izݻx[eʹX%yc%?=*/\\?Z֋[	ŧi&P,`H<8^՟⿊kMxlxfb,]779ؑ$<gΧ+kC!p q!Oqe<*\\QOcS4M?j?/!-KToh\'`m.vQNQKm%6PvOKkOi1ꍩC<w1\"cb<d\'jq+(hO}|]޽OZS:lы51*p8o\0|E0|eռM\'\0nuSҧ)%8bgBv+ԆSKE6Vzw<ieFRjZxjry\\\ZVo݉H) sƸ;OInQ9Xo;=ZƳ?Y%0dJ_ه\rK\Z8zY[Ǚf9F_j:b^4H\'ۢ9ĞN3j|}c}\n䓹\\/9 9mӶs?R$Z90~b9`)8{s_f^h~G\"?wmKrs`8~ءfb@\0+.KFtWRG~+ROհgҞ-FZ⭌߾j߶ceuV\'yL+lteaշ/ }*[f?2?FSp$pק=뾝-\n!-$z\r\r\naVfop(V1cIbT-GN?1⧉\\(9ۜgdq<Y~дNUf u\0QU<GVI<ǽㆃEKY3Bky6d/\"$lq g9lcuEC۵/\Z夁36G#K\061Psx$|3;nz?ҽ<zy9OT9xŴn#XK|~]ӧ#vי\0:ogf_KHqܟ~\0^b/o;>\\팪9RWqOS>j5Wsa-c#2mhN=WXU9\01֕,cϙ\08?Y+y$G9+6Ogf/%^\ZO\'`RѬ_wv\0?+`,~\rhD.寎fMb\0&-.>\0;\0S#3GqUBM=O<џ?<\r\0oo\rs$ԥе=J@oMNq4߸c&$/RUVjcN.R>t\0\0ntS߂6l[ɢXP-FSʈFSK\'|ce\0/4;vkx+\"OZVh?4:	dIiݸ6fgwm^;0oaG0j@E5&#\0_}\rW|w\0oP4 H+njqM|̹f%=\"woV\n?!zΉg2<ceŽ]*6$!+2͏\"cL<>\Z5tvWQHpy&cHR\n2*?9b\nYhƜ,i\"\"m#n?FǄ6xF;W|iZ^X\0V3`>!i$rK^4۳4i]%s	\0|\r1gğ|=Oy\\ju\r7ºqofiHo:P̨ЄC<5O:\r+J׼3pZheH\na#V+.ѧ/eYp2<!=9ta=+\r+SKMsOY<ҬukڽI\rN\ZrUwޥ;k$ps_U7uCP՚m[+q(7_q8Lq~T[Υ/Q9\' ~g\0x_kV͖xJZ9b]IS2	_ޕpr9>OӜuSR2}T]EYnk4R\0|$\ZI6亝l$v6m$lY/RwqGǨ8h\n/P$`|\\(;K8-u9|C;FQG8<裌dQ>\"i*p*KpnFFGb[Ro= =1>ջx1y^\\{ˈj2Nђ}Fk2G$$E;>Z[H\n^GEnH!Y$>XUu#r=OL+ؾUTd].mvͫxjž-k!</[oATPZ\\܅TgizsUM:h$-\0zG	緥\Z-4t+vBR1#\'ӞWݟ-<	қs 92ʽrO~\0GNr28\'s:*G$gAk5I\"|x$~$qPZ{2ß;?Lh4UecjΪNFrOZ\0Q)^0}?)kGrJVWg9ͱt]}vgF\0y\0\0u__+_x\\!o-ᵚ5Um )#6#-izwoF\rW:PnTY#\'kpOB4$7\Z|OCitvjdI8\r:i&IVIV+o<m7_>\ZÚ∵{{m&KQ[(x,LȌbg6Tx)u/=\\V%EIn5۲2L×W{[߲Ɵ\0\0E{ڦexH\rFWеbFYG2-jdT-W⟄N{@׾	M­SZoVm>Y(J>\n&*N0ryw?!!4h{[;gkhmt\"f.D%oZ<>Qi\\W%I%H@,sE!SaC^gۛZ\'.^Ij^##(^oQC\0v\07Vx\nŷ(Ѯko\ZZys#$ mI9<p|VoXOxFM\nKf{IC>fMkM\0\ZMpuo־3(7t0JEU\0Zl\01#!Os\0d&I̳xP(D-Bиi.^,U9ɯZ\\]ϙB59ַzkT?f񑢹ymNzoweGr\'Oڏ%Ei> xZu٭$<)뗸{[Xp`K$ގ\Z/U\0K\0o|C٨xm,>%\0l4yF|f#mwrW?\0G\0i__?x^OӼ/#R[L9*E!u\'<;\')}?\0Yx|=yl7\0,mgH\0C\n̸+军g=4nKu\\dxF\Z5f\\k^/c+6׿Wů~&xNM?MBKM:G0ɼ	UB<Ş1͵eǢM~xg7C#i\n֯\\յ{ml\rĄ\\@?72FC)*\0eA;mR~*ՇP\']C YB	x-׆\ru)E-,inۮ18,EkrťOڭO`;eA?]3ی`Z\\ef	ăv3͞$16mtƭq8Sʌ^zwBƵfiTdN:۟{7]	e%UJ/N@pU6w)8\0FzUBUYNyeA<y?l#H]82,UGE;\n_rHXnFpI*a$Y@ݓ=WSS14}&+f.\0dGot\Z[ْX>>rd#<ujvymʔe@G%{ߵhjVko˛ۀ&Sס\ZiDjU\\\\<\\TFьZb#,ex8T\ZUčQp\"D@3<0NOҽ>R\'SLa̶!d=Pq͊z^6<I.&$8DHs1>oA\r-\0.S\rԉ\r)P\Zt9,IھMh]|$戧ؙ3*p~&[&ʫ,nC3m)U1k@Q>unX@-쩀3=LPxR])4Xl!\\-ʰ\'H]\r99_NtѤh.HF65mX\'vKKdU\'-\"O۴lSG$K)\\	+W述z_i/uf62y-ܘiJ\\~bH\'k_1(sވ$\n0۸l\\t]*\Z|E-̲Ȳ]gle|\r?Rk]+Y@v\r\Z$v@_1Tiߑ}ȚK{<wc6.A\\GeAؑ7]&{sQZv!ÿ[,1k-qˬOh*c76K39#dbX|\0a@ <UzPbç03a6Ҡ2	慬q^Ws\Z\r6wu]Hwr[9S,:q܎kŚڕ\0+?wpqҾ\'s5	efJ4NfO.2Ɣ~M{CqiYHIH-ˢf[3)!\Zs3C1MB.Juk2ȑ5gn~SҜuFbi;c F\0D8^+%\rn/v}vO \\[\Z)㹏TS\"xhVElH\n.pAS8?u%iSko>z&Z3M%,{T6GS#Xvf\r+ėT. [tњ(dle9\n.U,99C}w:KLV7r4sشp,i80؉0^	89*ɤkT|}sqU\\3gTo%wk)i\"\'\0:*+;\0h|c\0Śoo_\Zutlo40f]˟8,B5xl}MS77zڒ6[X6e#FBJ	RA<?8ixH^o8zwyPtdMgps\\ފ\n7ýQe/Yq8e{GHaRvKeN8\'=zU6枷m$bW27r#Q8gxNW,~V%AA5TLOv{Fpƌw:koK{}.)4@/#S&@D1f\'˻s7miM<:^&y?6X9\n0/\'a}x#ߒqDSy\\[ƪ~}	>gblw\0΅Yɖ_ܭlyEY-Pg{\0UUEiEDxvhቂbC7_U8\0$ם*{YK=	?sP«G\"䱍p3g#~.)/]ss?ַ2+;,k,|i皽oCk\Z][6§今k%Ov:Hϯv*R9V\0}9ISzs_|TsK蚷!#S2Hs+ZIfvrnlǗv/[(r	#Q$/%(Uct<:kFs۳qӎzS>VUpAc׏__#{ᮼ\nI4&\"mq}?2jڜI]5^oRr~F5`q8I9]΍!sӌǾOӚ%/&U-78$t==J׮<3ۢyz%x.\0_gq\\j4ahYm#Pp[1NZ\0A1|2#+2*񦋥ܬ̥<.x<\0:9PsKr~>)I#wkI(yԹT_%Z˸H;kX|C	ݹyx8)#.w=^Quk4}n=xA.iߎ\Zߍt\rM6tqFqRGasX:nE\\^iWVq$O&@	U\nr#qa1ɑF1iYwG|2~i.=?Wڷ¹64Zo-u2ݭ%h%dIJ\'K⏌Zj^..^ڄko.|˛`:c۶DF{|ݟcNMC̋rq,N1t\0-<劍5%kɥkUj]?CBkYJu{u9p;qEQ]MBrL\n̌9O'),
(5,'Sonic 2','\0JFIF\0\0`\0`\0\0\0\"Exif\0\0MM\0*\0\0\0\0\0\0\0\0\0\0\0\0\0\0\0\0C\0		\n\n\r\n\n	\r\0C\0\0\0\"\0\0\0\0\0\0\0\0\0\0\0\0	\n\0\0\0\0}\0!1AQa\"q2#BR$3br	\n\Z%&\'()*456789:CDEFGHIJSTUVWXYZcdefghijstuvwxyz\0\0\0\0\0\0\0\0	\n\0\0\0w\0!1AQaq\"2B	#3Rbr\n$4%\Z&\'()*56789:CDEFGHIJSTUVWXYZcdefghijstuvwxyz\0\0\0?\0OgjD#㠤RuJi4]iC{oOu-7r9kFR\r/w4mR὎P1m\'G`{g\0ҽ>g\'ʖ8nPwG;#%\r~.I,:Wѳ~ծ,PT$׿|JONoͤ÷M0\\KR0ڮU\'N-, Ri>\r\Z_x;%Dmnco=W|2MkmG];L}طzvZ41=ײ-g5#nw|w~uҸ] bρ~ڇl5Y\'2*7.8I_xirC꤭}\04\0\r%,s4dpX\'e]xM9#+0UR#Z;¿~^&iv.!ˍ$br`3cƞg[þYZ->`ң=I_-+íK\'S3F3F:2dfG rw W\0੟\Z>&n⫳Z·ۦk\"EIJrGF$`xy)B7;[z&Ok쫠hմW[OZ\ZeȸLʖȄJ\09S\0P־+~ f=O{73#n<(iw&BtEӡ́4JRUfgO&.f>վ=fi(=܅\0|e6Z׭x3Wb廿Ke]/5_IcC4zlS[\\D9Y08|/=\nq\rs_t?xƧ4\Zz0{XeT)8ԯxDռ?Q\0xWo^]4Lk`pjPX<m_=N$$E.Vyeh1hM_^՛GY\"fQg\0c=C<,a[\0O_gx	&̼<0@@n>5*Om\r>ܲ1?(}=?v~αU/%gɶvrO*+78{տcBi,d[k;y{e;0풋mo/\0ko7{id{W?1\0Tn\0+32^>	ݳ8o`,^5%\'[N1ձJեaXh&q5g,Ҹ\\[~]7XuF\\	ξ?<wW^MoDi$uem};i/|k+I3y 	2ٞ|$~BGccIjVW?q؎\ZIf䳵[Ko\0WP\0	j&|O,*\"*\0QdNnt?2**y֛7zAQ_G|*RqèYƠTyA{\08AOGfF;HM׊fZ9,»75̪8ݚ\08h$Ög}g׈9݆&Q=uG)|\r,77Q^M]<sYCsPxɮN_ϧEWo-.烅dȯy\\mNa[NQj5]L_co\0i\'k>##<`tr6f]U=k|%\0Y~-V~T\0QmD	;H^OQ7\0OyxgG<-t\0cQؤ@\0Yհ?+\'ⅇ=Kj5{w~i%0~_d8r4\"5S~_c֕HCEjPzƹ=BkX<$$IH3p)\0)>k^)_+{+TC4#>Eay]\'\0&G/f[XGc<	4щn YG׵X;=k˯[xi<̐Gc*3}srQQ|kCχo~/Kk[=6๕nf@*\n6:a8><\0U{uxF!:emԶrNky?_:]s<o$ t]\\VmO;pw\"rsq]UꦞWEz?FMZ=mu\\^[y\Z#1+\Z/^w^k4)dӬɓ8C>~4>5ҢwBq+6#u)]kCi$W(˓^fSnqvw۲z謖kQ~oN_xLg)h<$=뉗OsP7JMwK[_MY;U>nF}z*ԟ?fu\rs\0.b7y~RU?{58L\"Wz0i\r_bYUR>ƹ??]cuX[nJ;\0Us_Y`ziO:i[2Tg\0-> 4I&}vq{1)GsaQFGm\0\rןkM\ZM0Y\Zp$>ݪ|W}xvkk5Z3H0(9_:3xjd5͈3?uq	NGk,RxlxWRCI+uzj;=CJϷe<G˸ں{Y3~dMȞ&@fx;=9ɡV6~}K\rR-U^^>GM;DMv1(> hix6+7`Y	|iaH!;(6p:dViIdE`*\0Wu+9>ʔwm?Gd+W>FK\Zeׯ?uZ$\\#fgZ>`j~qqe_l\0\Z:~Zꫝ5[-zof.#dix_ 2L)jI%O)71`?a#ӨoN.*jF[&YYzs2kZh-gC#Ҽ\',|(ռ]Н^vzw\0xso(>wPm?zFDyZVP\n)q+<Bj0wIj1G)ܝ~bhe[SےiE5$u_V WT^:~Ҿ8յK.Ym4R{->7Ȇ8qkG^ڿ<SmE(D%u>ѫ<ԻK{<jXqQ{\'ӿ\0klMke$8w1ߵkxb;_XީjT2cJW\0dm\'-<6\rİ܋+,@P%I\\_Ix|Z]W>>.qk(R118tlk=\\n8TKgb亻5	g_|3۲7ln\'y`ˑwf;\0Wߍ?|aX]k\Z[\rL[qa5uYp[!Tg\0\0h?}|h\r[WG`Ӥ۪.)tnݸ/\0i:oZ~{ĵ(oY-)*˜\0;WcpT2UՖF70HڗdRifկ؋\n5k]oI(|C-(Tn@9#c.|G\nXrcrzp9^1+O=]Ik!]%R;[o2zs\\+D&PwݹQ	08\'y^*\'Nm9Liѕ*RZms\0p~6wφ<e}FNk9^\0\nz\'!ѴD\ZM<<r0CSڽgu]Ms{-6F㎾¾\rP\0Aqc\0V@+&\"5<:ObW-UG|>9G~HာI\'\'[߸?V\"ȠY>}#fƚKI 8Eܟ]\0hv(dV4{p9<&s8ԨPwQICG\' xSo۽]r}}ΑdIذEMnՕ}JnbKxy!IղFRꞮgheb< =ƽ;ភ,ͅvҼM\rŪlr׽zf:S<R;r3˚J>n^=ge#Eh$\0ߺ*^ꔿ[˸gҫj6e}B1\'I6TvgP\'1T0˧E~Ǫ6q{>Y23q@Bc5s\0\0\0i\rEkciM+#ˋ9.Rql!332u)r5RWZ6~j\0f\0k[}yoiBVWUGl8V/S|~ÞT8ėEN	9Vr>o~]]~\\7bÃ<zWsX~ږ.n<0lbvPa;i)9z\0P<miCOcM(Wf]\n5\\)\0t\nxAU^MѴ51Bzc8jQz4d9>>~^<?AԴ6KzOۭK+_ڪX	,0zWg5sZ0[gp\Z2M|j)|H>C\ZlN#NNӐX=M}0~ӼZ}]O6x c8]Ǯ3^7ٲspZagWAcic6zכgwx\'¼f.L<vqe|C*Zj\Z~!%QG@ahּ\'hVjjvVttb=@=G⼏M/!ln2:e\r5{ov6=.->Pλ^[3y٘JzQHi/owcpt)鿚[y5w7&JEGUzWa{?n-mΗq/u1К\'.l.$ƭT_Oq~/tF*~iO#\0h|7{\nToďitcI4Lqs^o&\0xVԊ&%@)<GZ-qo̬2tۓPkԤљ9N8pO~+%=y^Q\\}oදMք6QorGs7 SMs{c%{.nvcʈA y8x{ZSz̙!>\0XA5ԗE+I\'^x漈V{>\\hM_.\'ĺ$6E_1c7끜Tqjqվx8,H2kih+nRq(gQ𞗦	.ݞ~s^\Z0|/\Z[K\0,s~F?s$k,U<e5GoXT4fEgyXt(5oxBz;^>;6J~ʆEz<Qn#8/fyߕ\0⨯p_~~\0?[**prz^Z͊+mYѷW<Q*u?c#oxO\Z^	oi܏	Qr+Ꮛf\"-q6}c$-լO4@+c(SlVDnWW1KMn~ϩiw^|rG\"6o \Z2L:մt?P\ZKĸ|JϜh\0xG7v;5->o2JJ~zFyh_\r!xnm.IGtTخ7l/_EUzƲC2*<\0\Z\0Nexᮭ}ggk;m\Z+E*F̕ZubT}Y\'i>h7>jaKݒ촻?%UJqGҴ\0fiŷVq?9zwK<7|yY\\C5=ӏy\0٣\\$Kmۑ_yOg<y_,\'PTR[Z̚MbG_ʱc{>nWh,ͷ_L|[qb\\Ns|l4\\y^SJ\rFKB9`䲕qҭx|~lتڼAVo/CS8kϳpAO#lU=ٶL}Yt[toyF?=A>\'~~	OOm⧇E`F1Y䁌_${F\\+?\0t\0Mk멒P;.ӌY0q47GWo߽@CK+-zz额;osN]I&֭hNͶO0o1VO-t_m\r9~u?3Ɵ1K{s97:#c)[yME`#MJ={Z\0\0k6\"a$#7uҽ~F77\0B;\"`:pÏגztu5E͡S<5߲w#;3Kkhm|0}-}&ۚ~g*iY;+۪GW}q\nr1gm\0\nӼ7asrH\05\n__s_Za|}	4-miҾ?븬Bj/r,.1Wo~,|yЋ9>h?|׿x EAK-$̪`);׳|:z|-2n?گ=JpwsulW\"[\0\r\0(OLo|ڹJU߀UyoJmVKt,Ɇf^I=ݜoǏIm\nm|+[\0d^=㳮$\ZKfm!@y~78{b-tb%c}#ͪURYXӥξҳ(\'O߂Ji?/3j#k,kr8ܮH\'7<)Ei4{]\0pNUoimnyBue$<H5?|*<k֗?wh-Eg9#s5\':u\0\"לjPgJjOG%F^lo?l/]xOHK1P\n	1[\r<sz[\nF#]pGSW`	ONEz1jъcüՎ.l쭡w?^~l޿Yw\"<pq?^e?z\"?Kb1sNӑ~{,o\'*3>}e/ ҚH?741=<Ϋrp}I5\Z!N5,s[f\'خ\0涒$B6q___|.յj[|:dݶݙFJ\\vWAԾ,|?OM\0?JQ[gu*\0}0	-ǵ~poCMm>5	BsvMꎳI9xuPKIѽ	~\"7/.`Z;2.H bHcx:|!ÁgbݝFv mu Zv\Z8,ql7[c. btkYʶ;*Mhkj[Hfa9<T\"R?ƪTqև5߱	I\"S,=1>Ѭc.Sqv~?SNj1[׋m}[663jQ;c%s浼9oξ[mOU\0o2Mxݴ,Σ\\?`hv3RT*Tw>Z?[9U߂~658^{o&:%8lrNq\\i/?tOOjR<߽6hBo{ݾKgƊM.\07ǃ[amv;\n\Z:adx?S[Uabd^=ǖnJ?1	\r|FUԣ8|$?hv[SVu*珥|Zh-Un{WVs\r\n5osmsSPe_<WJOۙs\\|,ڽqJ5F!Iͽ0tJ<~[;O2>ɛM=wOcz	qۤhGӼeU8!Ÿ*+o?}>T\ry61S!ۻv p{W|^|o\0(ފ4V#Hl~8\'/aW[+%亟,E[Uު74OAo\0΢~=rbDɕ\n~,x&=_m>RE?<=s\\5˝?T5[Y7k#|ݶ0k	<ke-|IֺƯwe2,}ΐƩ)Atf*mSwk|݁V7g[ycm7:׋5}\'F5kmm/$u\0g=\0_ϋ?eVxwR,cVyURCr1دҏ\'\0]\'_5K?t;&3~Ic*Y]\"R]8=\0#\0^x\n;>\Zk[bl5=.5ʳ ;Y]V׷P\"쓕mu&~#gT3LB03o4k_gO\0ɦ^8ִYQ@E79=_KO̗}70B\'vVL9ڡO[\'Y~&0$52pַJ179k\'.Bѻl?3ʬi7kgqq[T_:g3@p7q19r0\0XCޤtKi/Ss6ݫON\"c>=һ,Az玵|\0:y/\ZO!gך)%\ngz2eV&aod}ou\n[E|MV]~Oԧ#|+\0t3Փ\'Ώw\0ǀ:\nώ^ſVoWv;a%e@3nP5mohq-p`r]l?:Y5\0|ֶ\Z*\0ru?A\0eٷH\nw[%G_ݝbq\04}*hTcMa\"mٳX4A}nێ9J%]ڷbaϛ3yѲ;>Q[g5\'\0fx-62lGZѤp_nMZu3ˏ\0W\0>Q\\yy.*D$*Nz\n\0	ƶƻFI\Z`9-C\"&3$*2 bppRu\nh~1.I%}~pF3ڸŝa+mg8&]ۅTlIv+Юox~E!C3|ִsԌ{1)Qֶٳ=g3{\0؊xdݣ:#A}uwʹUVeXNpIn>S[J><aSܼ|~jrx$\\Xf).@1@Q+ּfڵי2}=a3֌־OSEtxA_DM4g8lzA_K\rIy}6%XdP$G۵|cRiNCqϣ}lzY^e͌Ķ~]]=c?\n\r]mm4%bTݰz`\0@|xA^f&P%;w̩t\0ںmY\0yg{~W>+x\\ҵլՄ05$l0\0Okn|-foje8|<J:[t<e+V<IIeq,Cl@m\0FkW->%x+CEm\n\0Ne+MB2VhI݃c|3\\SQռy@A\r9Vr1㯯־\0	Qٮ-QDPmЙYRF\0\0ݼ$b9e01\'i:7?ޟ\0\"4\0x^$\Zڞ!7W&;<rO$6e_\'eGf2oY6Cu)?iovy/pdm69dD3`i;\Zq\Z|=\0]#~뚻Inn\Z-bo898{`S	RѶ~_SSbܩo}~߳Ǉl/]jZƱlэ.M\rV^O9P2[\0d/C$5M&qr;gΥ0TE}A:#O	6\rs$:z[y	;1L\'oo|leԵÖ~gc`vp<Ȼp\0g;C=.㪹|ED⢝ʳ·PɨdgV\0#3O?I]IOj:y_9xZPπHZxϨHBG<6#29\n}+KY_I?幚Eit`G<@I +:g?>?G/2fs՘䓀j4ͨ6孿S|}G;a(%տ¨.Hr@QT%o&ֳ:U?.{qVƗdo\'V^r$fǹexYio._li88teĔ-{y[=?$oj]Y\r,ǽ||qg}iFP6MFx}kKEuUp~Q{Ky>Qbi?qa\nδ&ߑF=h\Zq\0Ɗw\0_Q^Ӌ\"#U\r*\0vZ>=\"6qǟ*g#E[5[)bBɁp>z~hջ[F	\\(\0u>O>,5-~Cgm!s,T\"<cBňFORng;{>>#$˹Kc6{8]?zmo-,Ȱ.كڃI#3]8rb/|ga\Zٮ%ߊn5E-w\'ֶ.>5VfK*!B\\_]gAiᾅb#6MCp\0\rs6gEY^F9߽18>_+{y.\ZrIz~KA:]My.֑@\0V_G0.E9[[@s@ҽ|3K-פEWm@>߁gǽO75X\"gn- \'-f\0mH\r`+8zF7]y^\"eƝe\'.Z6F}-xiF1]vA=+TcӚ6J(wg\r}}uݭ|Mk4:kO#x-eIR@k??	oOT捱-$t=+\\wΖ)G	%*\\ITO85E\'%g?DOw>MJ[1M<G](\0}.\0Մr]X6jH$I528oe7\\#P`Cs A	|?㖋[w,׼?80ƚ֫)f G9^FyküV\'ӣtɦKiӡgBi8ūy[Ky_\0w9>֥}^|kuރiRs\\(6NwKuv2zM+j>,\nI<I;(IpEb^?a(g\'~^&<AZ}eؿ+)#fX#,#Pz>-]\rw2A<sJW9D{uF^WV0n|oeݏ?_GKZ_D,Y}wG615|$l_\0C{W(tf񓦅Xt]Fge.ǔE9zIu+DIe2ʳ\0C\0%5-kY\r/R!+ɭW	~Lq9#:YGM\'&V__;aЯoQK>WOK;\09S\\X-XoNG6Ĥ8\0g?OM]%\0n<#arky&0*mNI<q\0O|Mo}kX2\06ιcᱜ=b)Jr\0T:.U>oSKf$m˜l^gZtܬ\n#j>_io|HlES,\r*ʎ8~zQV}\'P[ITIIx u=7\'	\"#;>dO&<OAߴދLc4k|\Zɺ?8fhfT,Ns_	\0ڄ1bH[ǭ-ĖzJ;=kЇXH+/\0y}/]Z],8\0%?/\'ү/;\\F)[G\\Z.!Pfg0u^=/L׏曇d#?w|Keh5O%j:rk({O#l=m6m/_arY}tȶn| -I]φ;mBK&=p\\dd*IqU&E!\\`teuGZ|mχ|7[xE&-}WSBJtwsL-0֛>)4\nG\n?yNphh4:׉C4VD?mPO^	}x56|ȊpI!<?ROێ(Z[q\n(\"<>1׊iK~FyOb1zv6l/;O\0v\\2{Y߲u\ZmMqFz\0yN%7?lK?zS\\j&@nݳ~:_\'π|)cn%,|7BI\'⽼UGG.TuS-i%by/c~\Z|8V;|%HtyzKͣsY?m?$Nmnm] , urݚO4$B 㯨yoھCƩ9dd3ḵ\r!4]mL60ҿhMc߱Fk3ú5/JO3)r!cW_Rok?bxO@5ԯ=iҬf[x̩\npb8j`zt3k>tuj?p\rO*&FzwJr~m|mr%4>=Tlyv-SҾÞ\"ԭk0i^Mｎ2ONғ}{g\'Pkj2o7#`ņ*x=|A/VmuT\\=?S[3A |?.]ܔ{ҫSb흮%?&j\Z43o!^$NN}+\'NK\niN\\Vvf%BhEoc7r93h\"n2`Gk~HjKp]\'VIH;<1	0!Z^RC]kV:|~\rRZlF~U?^O.Q>.Ԓgͨ[|g+K\0|b	boRYfL4՛p}m\'D#kLhV䈮єfydgk~;߶7ƫ{z~ZN2>-0`>l\0k?h__8x-۩ #;\'d!`t}OQ2\'-\Z2?S͸/W	\nƵFmem5_藆$|-XR\\zMSҨ9>V\0[?Rj ܆u,D\0m9~xǚk3)D\0`nk\0bkF&hmP\nР,}?t֔#\';j`sUPWI+v_\0c:|U^{-u,Q&\0/`88Ͼxþ=9\\\r0rbלv5IͫfXCYF.\\3_5|K[F־#V(cuӣ#)}5x)RN*KTw}\0qQ^G\0!\0{OίO+$m$jIo߭zrՑ\"@e,G/OǥxVdFVYA|qWrom¾\raKh*ܨ*v\\WgR\n0&oNus~-x\\<G&uccmxg\\~|O6bp\0\0v~4/n&8bVq3|Ku	w1/̢,X<tegkr}nm|Y;?J~&e>MSO@?lVp?wp:4w6|p#[\0\0t6+ZfFipݰWz\ZƜcqDfrIk6]u\0:d{s^IN:~:oتpek	dڼծƯ(7,l|i_6ZVF(\n<z<MaxVUMqa,,y6pw_͟|O]|YGMΡp<ܟ#L<QS2M}yx\n7|;:tck6y2rRNN_\0^:_5\'Z_}~ޯܿbpv&6wO\0\\ZO*6NʟLj\0iSY7Mɾ9ˀ@GU8s^OW^)< K9/Cc%24w4. {kz֖7YNvX񳎘+K=]Ⱛ	i%̮E;]x{gu]3R6M[`lf~Zo/<bvqHc|$h<y$O+\'5İ4(mWSp~|}\rF׵-B}lmkw4Eu^\' W`2GuE㱐ݒV~\0A><,tMMԴX_.kYfhnHs3r+S[P&Y[42H\05/\Z+˱q\'o.#m\rl-_P0)ƖfI-}==+o\'ü?EZ|;|}EѼW]?i4x]}HG,Nr~.q~~ţT\0d\rVImbV݌x!Up!8~G;2;UxF\n2è}k-#\nS⯇.&!ėwFpQ]^ SQjA&};8#U[xҫνZ?พ,o?\r]\0i?u;[X%!S[\0`I%Dx5X5KkY$}}9ULx㦩\0[^eltBKeKO\'w4[W;w`!Oa^RP{uӔ}徑mwkOZ.*$,@_j?x]29#k%[ʉN=~7tvWFAM	1VnS0nkoשWks]bÁ#yMq3	\ZiC6JO\0+wƲ\\\\:`;J\0gq]1uce,j۞W\\zcބ\ZgƟ5E?#sY\0xj:5\'.O6{d5ÕtpG|~\'H</\\IjcgV2Adfe<@kY-\Zi\ZA{/8`O$V^\0 ӼMn.Y\n$wB˷\'dbq<Aӕh6#0-R\rSVmoyPZZۭ,~W.T`ד\n??I\'Y1)&}p:v<z]j(WWofK``W8^?GeBXm/$HՁ;X!\'rM|mSNd\n95Sm>7\0x&?ߵ[Ke\\{WȚοui-87z\r/W	ٮiI\ZF$:&;x\'@\08HKQ#y<-mw)g*O[5GҟL_(Lqj,?\'X4Y\\:U	Q?kubkJnit\"E3 #<uZr+|Tw@na_*,fCO8M>]XT+\Z敯oS/ػ]?Mλ\rӉ Yw=Ȯ\0\n+_|+Oh\\\r%ÝUĎXlǦZ(j߲_||Ǘx.X$N|~Pi ps\ZE\0xG-_I{5~mv{σV\0dksjeJhB	o;%1YK,Wmj7ڞ4..&VX݀dg9=:gg_YKux[LSBs{9еJ״>\'%-YA v=M}E\0\0hv׍,u}?<\'($.adPJJ8UQF4|\'Ju+$mr?Ν]|Sý5Ə2)V)%\r	j/\r|gE|#-ln&<æ)rݰAy>=Qj)|V{6QXgP0j¹\"FKX͢mlJ\0=q㬙q8l,I\'no]lyp40v-$@5XⷒH\'W_Y]#8q\\oZwln?iM~k7ӦoHɴA$qUxwRkW׬9UK-V{9F\ZP퐑}azykܒp>a5lVz*ޗAŬ\nKrREe{1M:ޤ]N4VD*UNV}1i)?~I^?C*yX?*v~^?uod&F5܂Fm\n		m[8b\Z@qǠ/fOكw>%xW]t]e[\0hwi%eRw2ͅ89UJoFzQu\0woitzmZ9X)(+&B7u\0\rqZ2\\FbF3&6:<X\0-[R?-9ȆQ\rpk\0h!>7ֱY䳾@,񘺭\'\r>_y1iѻRO\0h!\0|%\0_/\0Eije}]!6lq>ic4\"luvHF~F݄wxKxY+ąuP\'s#@c_X-xWi4R[hYTUE	%Z]Ci,-|7wi\\L8ボ)^}\0.n_?|2lt_\"Mj,.<-6;I998$*~\"|5&\'Rѵ(eWW`]6簮7\n5~*TOpn.nNnmd#rWu.;\rCZ4WO,s(fؼ8 q^m\\5JuTQ#VWEZK[Su$6cM#!dnW\"9$mZIc}Ά_op>8)޹+{CJ4k5yM[/nf+oJN:kHqk3X7g+ٮ xt3N\"ZB\\2I1\0Ǐ?i_/ğN\0)uH\0\n٨$d`f /=\0j[wM᎗si#\"֢8W,;d_K?Rm\'Y]i[OߋZbd76.qyyl_7U-*ܑhR>fGo\0\'TԴ.:(X\"DR}9n%77Ρ046,E_>3\\xJ_lbq]_W؅P{9Rx\0y\\Q<>[YnW;{τ|_g\\k258Ər\0;upY(cln$sK\0`O>*5XG0A6$+&UZďSjV\r%\Zn֚;VC\n	i!$p\0^x_Mon?4yc8P]v08[gUeRVv엖S5J:m7Ο[S|3	<Bbc-*c95ly*u}?={2g6DZ+8*P%X鑃^OkvI2O&8yE)Uwn?\'􏕩^f?D\0h\0_)y`XV,	<VRAg{OV{\'MoĚ[֚\\_$>a#.\ny_?|e-Zk]MN[l2F>Sr}r>\nG6~Ҵ&<$$m֟:XUu@O95\ZN-Ԗ\0?S2J*S]E.w?F+D$UN{	,\"W8Os+#	c~/XkmG5Uy2ԒBAG?xúRlu{[B\ZbN}+*kUoe<N\nիI֍nUw330Ns]Gn^7D|mk\"\ru\r?l\0<T^mYa[H?\0ZIZG_4^|0zb˸%Vcx#oj\"~Z]+|H4-ْQ\01H.3\Z0NGWź7γڬ7W*;!E` ]xRƃi!\\QץrO:#SV{[i3\0\0b\0	oG\0({Hy\0s\\i:N4v[`- s\'56 F#Qg<S郟j-|?B\0gJ,!t#zKz\0^o!lg9acǍI_\\xHt=Nbf~U`&fB>+I5=F[o6LĔ%c|\"\"S`u/;~&񅿄t\Z^Ch-\n2ϻdlY?e?g;	<K\nK,WWtf@cdE!1*㹝,}(Ὺ#hZT->cLHݻe5^y=>.#ˌZ\0Oğ5w6>o-:<zq?$g\n]ԿH;ς<@\'i-Še{wWdV&Dv)8ɢ\nLRGτ|I$<)$Y\'^*r8(\rNzTS隓ٵ>0xxRH `q־\0-|j:3|B׭	c~һ&tW\09N|B\'^VZ\0x*⑬9-\0_RW_qO6F_^\0Ɩ\ZZIs7\Za\00w=7G\r+vT~mo+\"Ɠ\0|O⏍hiecsjٸ\"Xlɽ6(z^Yb7c_^\ZL&~&;@rVԖ0%\\&Cc1V07|ͻ0/?:ׂg\r;t}!欣S[T 16YF\0T\06G_mcJdF+xXo\0pkW)?7 ״?žjU♷6,<AGkS_C\r:bp0/,myх~qj/3ztʽЯ8Ufֿy=s5_[zu#sgZ3ڬ1@F`xfI_2Y\ZE^}yr~-P;\0	-#0	91	dg5\0wZݭWMWM\Zi vFVg߷T#vHLEITI%d#:5	9NRdq4ƠuM,>b0~/|1G\\k_uڈ&Ɠ;*L8U%x\Z\'+:]Z]Iy;[PW1#d\0(xJzMg=ޥWBX<XY	%{W+)`*8$]ݕPYbhͩ_[>߷_phLmE1[9#=UMp?<JڣŦIm$$_n|3\0 kO?⭭ew6+5\\ܦhm_-Uf#a5h,׾(Z>tC(mK(Mׇ ˒p絭uiuW];#)N~wl]~4rC&[:1Modo;q^~ >!xKK}IZ(l$@J%UAy9>]~_/<yGxZ\"hmoLBF\rz\'Sا%{y\rRvG-y{QP\"GmTEf?-@HFNsTrN\0)33<JQ2-EEQz5\\_j}WOd_ϐ~xPOl죠SIj}O\'Mg6鄚fFBADi;^~,6><Q\rg\\iY}\nEop4	29\'9dx;\0֗j=%Qm_jc׍u喑XtpGO`@qCʩ\0¯^~=n\rkl$e橨[[Gc\n*\ZWΓjze;w\\wYM,Mlg1Wq30jEg61$nsy齏Q\0}--\rRHToCc!\0mWp9{wc},co\0GHf-/(I%G|xcխ/]rPn-⼳f\",857vCti^GPMh-wΡໟٿuYnZMԯ4s,Xa\n⎳^Zt}#lv*U\'<W_?OZFKhmKyd5`9*MxVic|kY1d==sZr`⓼UeWo\rkW6i-$мzeKE$%\0P>~MiOYZsE:~_)ݓbgĿI}$<\n<«O4K6kk[mm\n󁊿S>]lO>?M|k-RmC\Z5D\0U\n\0\0\n$Z-KyhvےG1.f9_<i:FM[YTy\"2eV%[`ů\'ZxJ-	$P\0q8T;:#RkC<mtFIx|eƱZ%v3\0S_<yyv.\Z\n2)uTޤ:v|ܷlp]R%ʲmz\n¥IJ)\ZpǱ|+~(|日gW].nnD32,0ďv>YˠxkCce.\n=LgtG2|-1\nx;!zbXzRȯcO\n\0\Z>|c_<-MCY[wPc\'k~&|G־0|AU;^It46\0\0rOXqZYpGדE\'t8ӄ]\Z\00l5[.\'gև(݃T{Ί?');
/*!40000 ALTER TABLE `pelicula` ENABLE KEYS */;
UNLOCK TABLES;

--
-- Table structure for table `snacks`
--

DROP TABLE IF EXISTS `snacks`;
/*!40101 SET @saved_cs_client     = @@character_set_client */;
/*!40101 SET character_set_client = utf8 */;
CREATE TABLE `snacks` (
  `idsnack` int(11) NOT NULL AUTO_INCREMENT,
  `nombre` varchar(45) NOT NULL,
  `precio` varchar(45) NOT NULL,
  PRIMARY KEY (`idsnack`)
) ENGINE=InnoDB AUTO_INCREMENT=7 DEFAULT CHARSET=utf8mb3;
/*!40101 SET character_set_client = @saved_cs_client */;

--
-- Dumping data for table `snacks`
--

LOCK TABLES `snacks` WRITE;
/*!40000 ALTER TABLE `snacks` DISABLE KEYS */;
INSERT INTO `snacks` VALUES
(1,'Hot dogs','10000'),
(2,'Sandwich','5000'),
(3,'Nachos','7000'),
(4,'Crispetas','20000'),
(5,'Chocolatina','3000'),
(6,'Gaseosa','5000');
/*!40000 ALTER TABLE `snacks` ENABLE KEYS */;
UNLOCK TABLES;

--
-- Table structure for table `snacks_multiplex`
--

DROP TABLE IF EXISTS `snacks_multiplex`;
/*!40101 SET @saved_cs_client     = @@character_set_client */;
/*!40101 SET character_set_client = utf8 */;
CREATE TABLE `snacks_multiplex` (
  `snacks_idsnack` int(11) NOT NULL,
  `multiplex_idmultiplex` int(11) NOT NULL,
  `disponibles` int(11) NOT NULL,
  PRIMARY KEY (`snacks_idsnack`,`multiplex_idmultiplex`),
  KEY `fk_snacks_has_multiplex_multiplex1_idx` (`multiplex_idmultiplex`),
  KEY `fk_snacks_has_multiplex_snacks1_idx` (`snacks_idsnack`),
  CONSTRAINT `fk_snacks_has_multiplex_multiplex1` FOREIGN KEY (`multiplex_idmultiplex`) REFERENCES `multiplex` (`idmultiplex`) ON DELETE NO ACTION ON UPDATE NO ACTION,
  CONSTRAINT `fk_snacks_has_multiplex_snacks1` FOREIGN KEY (`snacks_idsnack`) REFERENCES `snacks` (`idsnack`) ON DELETE NO ACTION ON UPDATE NO ACTION
) ENGINE=InnoDB DEFAULT CHARSET=utf8mb3;
/*!40101 SET character_set_client = @saved_cs_client */;

--
-- Dumping data for table `snacks_multiplex`
--

LOCK TABLES `snacks_multiplex` WRITE;
/*!40000 ALTER TABLE `snacks_multiplex` DISABLE KEYS */;
INSERT INTO `snacks_multiplex` VALUES
(1,1,8),
(1,2,19),
(1,3,9),
(1,4,8),
(1,5,15),
(1,6,2),
(2,1,15),
(2,2,16),
(2,3,11),
(2,4,7),
(2,5,19),
(2,6,14),
(3,1,10),
(3,2,20),
(3,3,13),
(3,4,12),
(3,5,3),
(3,6,4),
(4,1,10),
(4,2,18),
(4,3,5),
(4,4,4),
(4,5,13),
(4,6,9),
(5,1,10),
(5,2,3),
(5,3,6),
(5,4,2),
(5,5,5),
(5,6,14),
(6,1,10),
(6,2,16),
(6,3,15),
(6,4,12),
(6,5,18),
(6,6,6);
/*!40000 ALTER TABLE `snacks_multiplex` ENABLE KEYS */;
UNLOCK TABLES;

--
-- Table structure for table `ticket`
--

DROP TABLE IF EXISTS `ticket`;
/*!40101 SET @saved_cs_client     = @@character_set_client */;
/*!40101 SET character_set_client = utf8 */;
CREATE TABLE `ticket` (
  `idticket` int(11) NOT NULL AUTO_INCREMENT,
  `asiento_idasiento` int(11) NOT NULL,
  `funcion_idfuncion` int(11) NOT NULL,
  `cliente_documento` int(11) NOT NULL,
  PRIMARY KEY (`idticket`,`asiento_idasiento`,`funcion_idfuncion`,`cliente_documento`),
  KEY `fk_funcion_asiento1_idx` (`asiento_idasiento`),
  KEY `fk_disponibilidad_funcion1_idx` (`funcion_idfuncion`),
  KEY `fk_disponibilidad_cliente1_idx` (`cliente_documento`),
  CONSTRAINT `fk_disponibilidad_cliente1` FOREIGN KEY (`cliente_documento`) REFERENCES `cliente` (`documento`) ON DELETE NO ACTION ON UPDATE NO ACTION,
  CONSTRAINT `fk_disponibilidad_funcion1` FOREIGN KEY (`funcion_idfuncion`) REFERENCES `funcion` (`idfuncion`) ON DELETE NO ACTION ON UPDATE NO ACTION,
  CONSTRAINT `fk_funcion_asiento1` FOREIGN KEY (`asiento_idasiento`) REFERENCES `asiento` (`idasiento`) ON DELETE NO ACTION ON UPDATE NO ACTION
) ENGINE=InnoDB AUTO_INCREMENT=17 DEFAULT CHARSET=utf8mb3;
/*!40101 SET character_set_client = @saved_cs_client */;

--
-- Dumping data for table `ticket`
--

LOCK TABLES `ticket` WRITE;
/*!40000 ALTER TABLE `ticket` DISABLE KEYS */;
INSERT INTO `ticket` VALUES
(1,1,2,1),
(2,41,2,1),
(3,9,1,3),
(4,19,1,3),
(5,29,1,3),
(6,39,1,3),
(7,40,1,3),
(8,20,1,3),
(9,30,1,3),
(10,10,1,2),
(11,35,3,1),
(12,36,3,1),
(13,47,3,1),
(14,35,5,1),
(15,4,8,3),
(16,5,8,3);
/*!40000 ALTER TABLE `ticket` ENABLE KEYS */;
UNLOCK TABLES;
/*!40103 SET TIME_ZONE=@OLD_TIME_ZONE */;

/*!40101 SET SQL_MODE=@OLD_SQL_MODE */;
/*!40014 SET FOREIGN_KEY_CHECKS=@OLD_FOREIGN_KEY_CHECKS */;
/*!40014 SET UNIQUE_CHECKS=@OLD_UNIQUE_CHECKS */;
/*!40101 SET CHARACTER_SET_CLIENT=@OLD_CHARACTER_SET_CLIENT */;
/*!40101 SET CHARACTER_SET_RESULTS=@OLD_CHARACTER_SET_RESULTS */;
/*!40101 SET COLLATION_CONNECTION=@OLD_COLLATION_CONNECTION */;
/*!40111 SET SQL_NOTES=@OLD_SQL_NOTES */;

-- Dump completed on 2022-04-06 14:15:22
